"Date","Price","Open","High","Low","Vol.","Change %"
"06/14/2026","68.349","68.808","69.070","67.919","2.62M","-0.78%"
"06/13/2026","68.888","66.789","69.487","66.623","2.66M","3.10%"
"06/12/2026","66.814","66.826","68.782","65.961","5.32M","-0.04%"
"06/11/2026","66.844","63.294","67.302","63.260","5.10M","5.75%"
"06/10/2026","63.207","64.986","65.673","62.383","5.51M","-2.68%"
"06/09/2026","64.948","66.784","67.452","63.556","5.72M","-2.79%"
"06/08/2026","66.812","66.371","68.080","64.989","5.49M","0.50%"
"06/07/2026","66.477","62.210","67.740","61.963","5.86M","6.88%"
"06/06/2026","62.197","63.890","64.822","60.200","6.37M","-2.18%"
"06/05/2026","63.582","68.740","69.049","61.519","12.46M","-7.68%"
"06/04/2026","68.870","72.360","72.487","67.043","9.19M","-4.75%"
"06/03/2026","72.302","74.333","75.655","70.966","6.98M","-2.56%"
"06/02/2026","74.202","81.127","81.208","72.763","6.38M","-8.70%"
"06/01/2026","81.272","82.397","83.011","79.143","4.04M","-1.39%"
"05/31/2026","82.416","82.742","83.381","81.353","1.76M","-0.32%"
"05/30/2026","82.683","82.036","83.122","81.862","2.20M","0.85%"
"05/29/2026","81.985","82.287","83.178","80.423","3.81M","-0.14%"
"05/28/2026","82.100","82.477","82.929","80.062","4.19M","-0.39%"
"05/27/2026","82.419","83.825","84.753","82.111","3.50M","-1.52%"
"05/26/2026","83.692","85.033","86.096","83.203","3.59M","-1.59%"
"05/25/2026","85.047","85.320","86.466","84.738","2.39M","-0.27%"
"05/24/2026","85.281","85.724","86.861","83.754","3.35M","-0.52%"
"05/23/2026","85.731","84.349","87.384","81.700","4.98M","1.63%"
"05/22/2026","84.358","87.216","87.805","84.084","3.85M","-3.29%"
"05/21/2026","87.229","86.116","87.930","85.333","4.18M","1.26%"
"05/20/2026","86.142","84.245","87.027","83.860","3.52M","2.23%"
"05/19/2026","84.264","85.356","85.887","83.773","2.73M","-1.28%"
"05/18/2026","85.358","84.985","85.755","83.548","4.30M","0.16%"
"05/17/2026","85.221","86.681","87.260","83.551","2.84M","-1.51%"
"05/16/2026","86.530","89.143","89.414","85.647","2.80M","-3.03%"
"05/15/2026","89.231","92.140","92.619","88.625","4.27M","-3.18%"
"05/14/2026","92.161","91.298","93.635","89.850","4.06M","1.11%"
"05/13/2026","91.144","94.305","95.934","90.280","4.69M","-3.34%"
"05/12/2026","94.290","97.324","97.658","93.648","4.16M","-3.14%"
"05/11/2026","97.351","96.546","98.370","94.386","5.19M","0.96%"
"05/10/2026","96.421","93.138","96.881","92.602","4.16M","3.53%"
"05/09/2026","93.137","92.018","94.069","91.860","2.81M","1.24%"
"05/08/2026","91.995","88.424","92.767","87.694","3.60M","4.03%"
"05/07/2026","88.431","89.205","90.375","87.675","4.12M","-0.82%"
"05/06/2026","89.159","86.353","89.972","86.117","5.01M","3.31%"
"05/05/2026","86.305","84.063","86.967","84.050","3.69M","2.62%"
"05/04/2026","84.104","83.831","85.859","83.314","4.81M","0.24%"
"05/03/2026","83.906","84.297","84.832","83.579","1.74M","-0.43%"
"05/02/2026","84.267","83.768","84.933","83.451","1.46M","0.61%"
"05/01/2026","83.757","83.137","84.788","83.132","2.78M","0.83%"
"04/30/2026","83.065","83.106","83.964","82.207","3.59M","0.03%"
"04/29/2026","83.041","84.073","85.529","81.461","4.05M","-1.20%"
"04/28/2026","84.053","84.731","84.927","83.003","2.55M","-0.89%"
"04/27/2026","84.807","87.062","88.057","83.755","4.51M","-2.44%"
"04/26/2026","86.927","86.176","87.215","85.862","2.09M","0.86%"
"04/25/2026","86.185","86.183","86.802","85.590","1.47M","-0.02%"
"04/24/2026","86.202","86.183","86.927","84.987","3.34M","0.08%"
"04/23/2026","86.130","86.984","87.078","84.512","4.48M","-0.85%"
"04/22/2026","86.868","86.051","89.309","86.040","4.80M","0.96%"
"04/21/2026","86.045","85.303","86.809","84.340","3.58M","0.89%"
"04/20/2026","85.282","83.421","86.186","83.416","3.45M","2.16%"
"04/19/2026","83.477","86.171","87.067","83.041","3.95M","-3.10%"
"04/18/2026","86.148","88.918","89.159","85.866","2.78M","-3.03%"
"04/17/2026","88.839","89.118","90.669","87.432","6.27M","-0.25%"
"04/16/2026","89.063","84.927","90.379","83.932","5.88M","4.91%"
"04/15/2026","84.893","83.774","85.769","82.687","4.07M","1.36%"
"04/14/2026","83.751","86.625","87.597","83.329","5.36M","-3.25%"
"04/13/2026","86.569","81.452","86.728","81.452","4.66M","6.17%"
"04/12/2026","81.538","84.889","85.001","81.330","3.23M","-3.99%"
"04/11/2026","84.931","84.841","86.166","83.871","2.24M","0.13%"
"04/10/2026","84.822","83.312","85.535","82.731","3.25M","1.80%"
"04/09/2026","83.325","82.505","85.712","81.472","4.13M","0.88%"
"04/08/2026","82.600","85.759","85.845","82.318","4.41M","-3.52%"
"04/07/2026","85.613","80.090","86.910","78.389","6.87M","6.98%"
"04/06/2026","80.029","82.529","83.051","79.684","4.16M","-2.23%"
"04/05/2026","81.852","80.833","82.045","78.571","2.71M","1.28%"
"04/04/2026","80.819","80.373","81.496","79.647","2.18M","0.52%"
"04/03/2026","80.397","78.975","80.635","78.893","3.30M","1.85%"
"04/02/2026","78.938","81.180","81.760","76.767","6.44M","-2.76%"
"04/01/2026","81.183","83.041","86.540","80.825","6.51M","-2.39%"
"03/31/2026","83.171","82.488","84.405","80.219","6.40M","0.80%"
"03/30/2026","82.509","81.475","84.873","81.168","4.58M","1.35%"
"03/29/2026","81.408","82.083","83.140","79.364","2.47M","-0.80%"
"03/28/2026","82.068","83.026","84.137","81.822","2.44M","-1.24%"
"03/27/2026","83.102","86.458","86.997","81.911","4.51M","-3.95%"
"03/26/2026","86.516","91.664","91.962","85.469","5.03M","-5.65%"
"03/25/2026","91.699","90.799","93.377","90.799","4.04M","1.01%"
"03/24/2026","90.785","91.646","92.167","88.476","4.78M","-0.73%"
"03/23/2026","91.454","86.348","92.221","85.162","6.72M","6.09%"
"03/22/2026","86.207","87.149","89.156","85.266","3.11M","-1.43%"
"03/21/2026","87.461","89.910","90.798","87.226","1.86M","-2.64%"
"03/20/2026","89.833","88.944","90.374","88.135","3.18M","1.07%"
"03/19/2026","88.878","90.004","91.373","87.136","3.99M","-1.32%"
"03/18/2026","90.069","94.717","95.573","88.632","4.96M","-4.80%"
"03/17/2026","94.615","95.844","96.851","93.247","4.29M","-1.61%"
"03/16/2026","96.162","92.693","97.579","91.188","8.17M","4.13%"
"03/15/2026","92.344","88.029","93.156","87.406","3.79M","4.92%"
"03/14/2026","88.017","88.091","88.694","86.564","2.03M","-0.20%"
"03/13/2026","88.196","86.789","92.949","86.734","7.47M","1.61%"
"03/12/2026","86.802","86.622","87.646","84.737","4.23M","0.27%"
"03/11/2026","86.571","85.757","88.042","84.382","4.88M","0.81%"
"03/10/2026","85.873","84.886","88.733","84.846","5.14M","1.07%"
"03/09/2026","84.962","81.616","87.012","81.589","5.50M","4.13%"
"03/08/2026","81.593","83.291","84.079","80.394","3.07M","-1.92%"
"03/07/2026","83.193","84.677","85.067","82.378","2.14M","-1.77%"
"03/06/2026","84.690","88.820","89.278","83.684","5.20M","-4.58%"
"03/05/2026","88.756","90.959","92.914","87.969","5.52M","-2.34%"
"03/04/2026","90.883","86.918","93.936","84.832","9.74M","4.48%"
"03/03/2026","86.985","86.597","87.377","82.681","6.95M","0.48%"
"03/02/2026","86.571","83.583","90.092","82.440","8.28M","3.58%"
"03/01/2026","83.581","84.541","88.711","81.727","6.84M","-0.90%"
"02/28/2026","84.341","81.857","85.488","77.230","7.32M","3.02%"
"02/27/2026","81.871","85.914","88.169","80.585","5.56M","-4.67%"
"02/26/2026","85.881","88.014","89.219","84.407","5.57M","-2.37%"
"02/25/2026","87.964","78.996","91.764","78.744","8.95M","11.37%"
"02/24/2026","78.985","78.117","79.601","75.751","5.47M","1.40%"
"02/23/2026","77.892","82.733","82.821","77.220","7.65M","-5.88%"
"02/22/2026","82.754","85.096","85.556","82.507","2.67M","-2.87%"
"02/21/2026","85.196","84.636","86.705","83.997","2.55M","0.63%"
"02/20/2026","84.664","82.422","85.422","81.811","5.69M","2.64%"
"02/19/2026","82.483","81.572","82.643","79.697","4.16M","1.08%"
"02/18/2026","81.601","85.071","86.008","80.552","4.67M","-4.06%"
"02/17/2026","85.057","86.439","87.640","82.958","4.33M","-1.61%"
"02/16/2026","86.450","86.110","86.818","82.622","5.38M","0.35%"
"02/15/2026","86.148","88.007","91.194","84.939","6.26M","-2.18%"
"02/14/2026","88.065","84.314","88.805","84.223","4.29M","4.43%"
"02/13/2026","84.333","78.422","85.533","77.517","5.62M","7.64%"
"02/12/2026","78.344","79.347","82.203","76.591","5.64M","-1.18%"
"02/11/2026","79.276","82.963","84.346","78.162","6.41M","-4.42%"
"02/10/2026","82.943","86.830","87.432","81.967","4.77M","-4.38%"
"02/09/2026","86.743","87.075","88.625","82.882","6.10M","-0.24%"
"02/08/2026","86.952","87.447","88.869","85.827","4.19M","-0.83%"
"02/07/2026","87.680","86.823","89.137","84.240","7.50M","0.29%"
"02/06/2026","87.427","78.333","89.626","68.043","20.07M","11.84%"
"02/05/2026","78.173","92.023","93.189","77.757","18.08M","-15.06%"
"02/04/2026","92.031","97.572","99.572","89.635","11.00M","-5.78%"
"02/03/2026","97.681","104.409","105.024","96.690","7.55M","-6.49%"
"02/02/2026","104.458","100.799","105.957","96.353","9.44M","3.76%"
"02/01/2026","100.673","105.388","106.424","98.134","7.03M","-4.58%"
"01/31/2026","105.508","117.544","118.789","98.101","13.59M","-10.23%"
"01/30/2026","117.528","117.852","119.037","112.810","7.52M","-0.20%"
"01/29/2026","117.766","125.370","125.422","115.433","5.84M","-5.97%"
"01/28/2026","125.250","127.149","128.147","124.811","3.13M","-1.49%"
"01/27/2026","127.149","124.149","127.783","123.121","3.13M","2.38%"
"01/26/2026","124.197","118.647","125.395","118.626","4.01M","4.49%"
"01/25/2026","118.856","127.224","127.407","117.453","6.37M","-6.54%"
"01/24/2026","127.167","127.428","128.071","126.639","1.14M","-0.19%"
"01/23/2026","127.411","128.423","130.115","125.365","3.06M","-0.80%"
"01/22/2026","128.439","129.708","130.847","126.876","2.86M","-0.82%"
"01/21/2026","129.503","126.057","131.796","125.363","5.07M","2.99%"
"01/20/2026","125.746","133.444","134.545","124.919","5.96M","-5.76%"
"01/19/2026","133.427","133.220","135.136","130.521","4.69M","-3.23%"
"01/18/2026","137.877","143.704","143.948","137.877","2.78M","-4.10%"
"01/17/2026","143.771","144.908","144.908","143.458","1.37M","-0.78%"
"01/16/2026","144.895","142.332","145.518","140.294","3.09M","1.76%"
"01/15/2026","142.391","146.504","146.531","141.043","4.00M","-2.92%"
"01/14/2026","146.678","145.716","148.326","143.528","5.77M","0.83%"
"01/13/2026","145.465","139.119","147.636","137.822","6.35M","4.51%"
"01/12/2026","139.187","139.384","144.296","138.385","6.37M","-0.29%"
"01/11/2026","139.591","135.790","141.343","135.730","3.43M","2.78%"
"01/10/2026","135.813","135.899","136.981","135.374","1.44M","-0.07%"
"01/09/2026","135.906","138.447","141.031","135.061","5.49M","-1.76%"
"01/08/2026","138.346","136.238","139.993","132.795","4.78M","1.45%"
"01/07/2026","136.367","140.851","141.281","134.524","3.76M","-3.32%"
"01/06/2026","141.056","137.991","143.287","136.485","5.71M","2.29%"
"01/05/2026","137.900","134.557","139.620","133.264","4.86M","2.79%"
"01/04/2026","134.152","133.329","135.434","133.159","2.81M","0.60%"
"01/03/2026","133.349","132.346","133.849","129.765","2.34M","0.84%"
"01/02/2026","132.245","127.049","133.164","125.866","4.79M","4.24%"
"01/01/2026","126.863","124.578","127.163","124.209","2.50M","1.83%"
"12/31/2025","124.586","124.762","127.225","123.576","4.45M","-0.33%"
"12/30/2025","124.997","123.191","126.434","122.576","3.52M","1.40%"
"12/29/2025","123.273","125.122","129.815","122.409","6.15M","-1.56%"
"12/28/2025","125.226","124.804","125.559","123.090","2.30M","0.43%"
"12/27/2025","124.694","122.264","124.969","121.875","1.90M","2.00%"
"12/26/2025","122.251","119.967","125.048","119.451","4.78M","1.84%"
"12/25/2025","120.046","122.417","124.335","119.876","2.50M","-2.00%"
"12/24/2025","122.495","124.199","124.254","120.641","2.67M","-1.18%"
"12/23/2025","123.960","125.793","126.868","122.208","3.58M","-1.50%"
"12/22/2025","125.853","126.082","128.645","124.295","4.03M","-0.14%"
"12/21/2025","126.028","125.781","126.585","123.508","2.65M","0.18%"
"12/20/2025","125.797","126.303","126.857","125.339","2.06M","-0.36%"
"12/19/2025","126.257","119.542","127.767","117.699","5.86M","5.57%"
"12/18/2025","119.597","123.207","128.913","117.123","7.21M","-2.93%"
"12/17/2025","123.204","128.922","133.895","121.447","6.74M","-4.68%"
"12/16/2025","129.258","127.602","130.035","125.015","4.54M","1.14%"
"12/15/2025","127.798","129.710","135.067","123.765","6.07M","-1.18%"
"12/14/2025","129.321","132.991","133.627","128.529","2.66M","-2.88%"
"12/13/2025","133.155","132.334","134.268","131.721","2.13M","0.67%"
"12/12/2025","132.268","136.636","140.066","130.382","7.29M","-3.02%"
"12/11/2025","136.394","136.253","137.742","129.123","7.40M","0.10%"
"12/10/2025","136.259","137.978","142.518","135.565","6.71M","-1.22%"
"12/09/2025","137.937","133.150","144.872","131.736","6.39M","3.52%"
"12/08/2025","133.248","131.725","139.320","131.584","4.88M","0.74%"
"12/07/2025","132.264","132.126","136.301","127.965","4.25M","0.04%"
"12/06/2025","132.208","133.055","134.082","131.353","1.97M","-0.82%"
"12/05/2025","133.300","139.039","140.466","130.908","4.95M","-4.11%"
"12/04/2025","139.017","144.817","146.778","137.938","5.03M","-3.91%"
"12/03/2025","144.677","138.837","145.932","137.823","5.94M","4.37%"
"12/02/2025","138.621","126.702","140.800","126.021","7.12M","9.38%"
"12/01/2025","126.730","133.646","133.646","123.214","7.77M","-5.05%"
"11/30/2025","133.470","135.999","140.112","133.356","3.63M","-1.80%"
"11/29/2025","135.922","137.454","138.004","134.908","2.51M","-1.03%"
"11/28/2025","137.330","140.803","143.549","136.151","5.12M","-2.49%"
"11/27/2025","140.844","143.110","144.235","140.525","3.49M","-1.54%"
"11/26/2025","143.052","139.026","144.635","135.503","6.09M","2.96%"
"11/25/2025","138.935","138.233","140.457","133.216","4.95M","0.32%"
"11/24/2025","138.491","130.420","139.757","128.510","7.23M","5.90%"
"11/23/2025","130.773","127.646","133.468","127.646","4.25M","2.49%"
"11/22/2025","127.600","128.575","129.867","125.241","4.05M","-0.83%"
"11/21/2025","128.663","133.867","134.981","121.922","13.23M","-3.68%"
"11/20/2025","133.583","136.895","144.659","131.259","11.10M","-2.50%"
"11/19/2025","137.005","140.504","142.762","130.609","6.76M","-2.60%"
"11/18/2025","140.667","130.656","142.029","129.195","8.32M","7.40%"
"11/17/2025","130.980","137.075","142.677","128.829","8.19M","-4.50%"
"11/16/2025","137.156","139.555","143.245","134.543","4.92M","-1.73%"
"11/15/2025","139.574","139.463","144.275","138.649","3.37M","0.49%"
"11/14/2025","138.890","144.747","145.579","135.833","8.87M","-4.07%"
"11/13/2025","144.787","153.303","157.164","141.196","7.81M","-5.60%"
"11/12/2025","153.383","155.019","161.091","151.245","5.72M","-0.78%"
"11/11/2025","154.593","167.424","171.887","154.122","6.35M","-7.60%"
"11/10/2025","167.304","164.231","170.335","163.489","5.04M","1.67%"
"11/09/2025","164.553","157.799","166.395","155.271","4.41M","4.14%"
"11/08/2025","158.018","162.033","164.823","155.949","3.46M","-2.32%"
"11/07/2025","161.768","155.239","164.296","149.985","6.28M","4.18%"
"11/06/2025","155.271","161.829","162.828","153.483","5.31M","-4.38%"
"11/05/2025","162.381","155.013","163.897","147.389","7.20M","4.71%"
"11/04/2025","155.071","165.643","168.354","146.491","12.37M","-6.61%"
"11/03/2025","166.050","187.618","188.982","163.486","10.04M","-11.60%"
"11/02/2025","187.846","186.294","188.280","182.329","2.42M","0.80%"
"11/01/2025","186.350","187.258","187.496","183.952","2.08M","-0.45%"
"10/31/2025","187.189","184.336","190.150","183.800","4.68M","1.36%"
"10/30/2025","184.672","193.788","198.105","178.890","7.04M","-4.79%"
"10/29/2025","193.954","194.054","201.617","190.172","6.35M","-0.13%"
"10/28/2025","194.201","198.767","203.920","190.781","5.85M","-2.26%"
"10/27/2025","198.700","199.691","205.176","197.375","4.71M","-0.67%"
"10/26/2025","200.048","193.764","201.448","192.077","3.43M","3.19%"
"10/25/2025","193.872","193.481","195.214","191.543","2.03M","0.14%"
"10/24/2025","193.609","191.573","195.963","188.870","4.58M","1.20%"
"10/23/2025","191.320","180.083","193.435","179.747","4.85M","6.22%"
"10/22/2025","180.112","185.627","187.357","177.457","5.89M","-2.94%"
"10/21/2025","185.564","189.492","197.599","182.814","6.59M","-2.19%"
"10/20/2025","189.713","187.675","194.308","183.900","4.37M","0.95%"
"10/19/2025","187.924","187.787","192.174","183.277","3.66M","0.17%"
"10/18/2025","187.603","182.277","188.215","181.883","3.08M","3.08%"
"10/17/2025","182.003","184.542","187.440","174.398","9.57M","-1.52%"
"10/16/2025","184.820","194.048","198.078","182.089","8.69M","-4.64%"
"10/15/2025","193.805","202.438","208.783","192.335","8.25M","-4.24%"
"10/14/2025","202.387","208.728","211.073","191.354","12.22M","-3.02%"
"10/13/2025","208.692","196.528","209.183","191.109","9.50M","5.80%"
"10/12/2025","197.244","177.240","198.859","173.147","11.44M","11.01%"
"10/11/2025","177.688","187.877","190.963","172.776","12.58M","-5.88%"
"10/10/2025","188.781","220.868","224.378","172.704","16.14M","-14.56%"
"10/09/2025","220.949","229.148","229.374","217.113","5.49M","-3.52%"
"10/08/2025","229.012","220.271","229.645","217.637","5.23M","4.13%"
"10/07/2025","219.927","232.296","235.121","219.916","7.41M","-5.39%"
"10/06/2025","232.451","228.363","237.633","227.571","5.37M","1.70%"
"10/05/2025","228.559","228.030","236.930","226.647","4.73M","0.28%"
"10/04/2025","227.925","232.902","234.017","224.269","2.93M","-2.10%"
"10/03/2025","232.820","234.086","236.826","227.322","7.01M","-0.80%"
"10/02/2025","234.695","221.716","234.865","219.615","7.48M","5.68%"
"10/01/2025","222.076","209.099","222.290","206.466","6.46M","6.43%"
"09/30/2025","208.663","212.680","213.675","204.332","5.31M","-1.94%"
"09/29/2025","212.791","210.689","214.726","204.753","5.23M","0.92%"
"09/28/2025","210.848","203.435","210.916","198.064","3.48M","3.62%"
"09/27/2025","203.476","204.615","205.407","199.999","3.18M","-0.83%"
"09/26/2025","205.174","192.875","205.461","190.919","9.88M","6.53%"
"09/25/2025","192.599","211.459","212.423","191.783","11.28M","-8.99%"
"09/24/2025","211.623","213.693","216.441","205.755","6.70M","-0.79%"
"09/23/2025","213.309","220.329","221.360","212.551","5.17M","-3.23%"
"09/22/2025","220.419","236.021","236.896","216.568","9.03M","-6.70%"
"09/21/2025","236.249","239.402","241.773","235.409","2.03M","-1.36%"
"09/20/2025","239.504","238.520","241.126","236.974","2.17M","0.41%"
"09/19/2025","238.537","247.897","248.541","235.458","5.16M","-3.64%"
"09/18/2025","247.553","244.666","253.379","242.616","6.20M","1.13%"
"09/17/2025","244.795","236.726","246.544","232.384","7.25M","3.31%"
"09/16/2025","236.946","234.218","240.899","231.403","5.18M","1.11%"
"09/15/2025","234.352","240.089","243.997","230.259","7.41M","-2.31%"
"09/14/2025","239.896","242.484","249.543","239.621","6.74M","-1.03%"
"09/13/2025","242.403","242.043","244.143","236.145","5.42M","0.07%"
"09/12/2025","242.226","228.655","243.867","228.146","9.59M","5.92%"
"09/11/2025","228.692","224.098","228.913","221.744","6.33M","2.05%"
"09/10/2025","224.095","217.479","225.734","215.145","7.24M","3.19%"
"09/09/2025","217.177","214.344","219.723","210.934","7.19M","1.43%"
"09/08/2025","214.122","206.280","217.014","205.655","8.36M","3.75%"
"09/07/2025","206.390","200.174","207.904","200.148","3.32M","3.10%"
"09/06/2025","200.176","203.229","204.633","199.491","2.29M","-1.57%"
"09/05/2025","203.365","202.546","210.000","201.085","6.12M","0.51%"
"09/04/2025","202.327","210.832","211.931","201.912","4.06M","-4.02%"
"09/03/2025","210.803","209.370","212.938","207.454","5.70M","0.57%"
"09/02/2025","209.604","197.142","209.604","196.824","7.51M","6.26%"
"09/01/2025","197.249","200.373","204.427","194.216","6.48M","-1.71%"
"08/31/2025","200.675","202.859","206.579","200.363","4.48M","-1.00%"
"08/30/2025","202.710","204.772","207.018","197.654","5.29M","-1.08%"
"08/29/2025","204.927","214.358","217.927","200.032","13.22M","-4.43%"
"08/28/2025","214.421","203.284","216.455","201.773","11.51M","5.69%"
"08/27/2025","202.877","195.794","212.022","193.861","12.40M","3.60%"
"08/26/2025","195.835","186.867","198.046","185.804","7.60M","4.62%"
"08/25/2025","187.192","206.146","213.382","185.637","12.69M","-9.07%"
"08/24/2025","205.871","204.434","211.921","201.552","10.94M","0.85%"
"08/23/2025","204.144","200.697","208.296","195.296","7.50M","1.72%"
"08/22/2025","200.688","180.648","202.079","177.391","9.99M","11.31%"
"08/21/2025","180.291","187.858","189.938","179.469","5.13M","-4.07%"
"08/20/2025","187.950","176.627","187.950","176.108","5.47M","6.63%"
"08/19/2025","176.268","182.808","185.788","175.804","5.04M","-3.63%"
"08/18/2025","182.916","191.099","191.320","180.121","5.26M","-4.25%"
"08/17/2025","191.032","189.637","195.765","187.453","3.55M","0.73%"
"08/16/2025","189.652","185.584","190.006","185.252","3.02M","2.07%"
"08/15/2025","185.811","192.392","198.062","183.487","6.49M","-3.47%"
"08/14/2025","192.498","201.463","209.798","187.554","13.79M","-4.43%"
"08/13/2025","201.419","191.537","204.871","191.487","10.69M","5.04%"
"08/12/2025","191.747","175.161","193.680","173.725","7.41M","9.67%"
"08/11/2025","174.836","182.452","186.774","173.530","6.28M","-4.31%"
"08/10/2025","182.703","180.041","186.167","177.588","6.57M","1.53%"
"08/09/2025","179.954","176.841","183.278","176.692","5.50M","1.80%"
"08/08/2025","176.765","175.152","179.516","173.504","6.03M","0.78%"
"08/07/2025","175.400","168.037","175.477","166.748","4.98M","4.34%"
"08/06/2025","168.104","163.916","169.891","161.281","3.62M","2.43%"
"08/05/2025","164.111","169.459","171.674","161.535","4.62M","-3.22%"
"08/04/2025","169.579","161.966","169.783","161.291","4.65M","4.69%"
"08/03/2025","161.980","158.728","163.067","156.386","3.42M","2.20%"
"08/02/2025","158.497","163.019","165.244","155.902","3.74M","-2.60%"
"08/01/2025","162.722","172.094","172.148","159.577","7.51M","-5.52%"
"07/31/2025","172.228","177.686","182.630","171.481","4.42M","-3.10%"
"07/30/2025","177.739","181.337","182.526","171.481","4.94M","-2.06%"
"07/29/2025","181.470","182.924","186.567","178.409","3.95M","-0.83%"
"07/28/2025","182.995","188.337","195.001","182.273","6.19M","-2.99%"
"07/27/2025","188.626","184.789","190.605","184.585","3.50M","2.04%"
"07/26/2025","184.855","186.629","189.762","184.452","2.85M","-1.03%"
"07/25/2025","186.772","182.585","186.798","175.922","7.72M","2.14%"
"07/24/2025","182.864","189.131","191.873","179.425","8.09M","-3.44%"
"07/23/2025","189.385","204.971","205.277","184.421","8.65M","-7.96%"
"07/22/2025","205.762","196.076","206.164","194.121","13.15M","5.14%"
"07/21/2025","195.697","181.465","199.020","178.411","10.84M","7.80%"
"07/20/2025","181.529","177.054","183.585","176.399","6.46M","2.54%"
"07/19/2025","177.038","177.193","178.609","174.125","3.97M","-0.13%"
"07/18/2025","177.272","175.967","184.475","173.375","8.96M","0.80%"
"07/17/2025","175.867","173.723","178.070","168.787","7.68M","1.24%"
"07/16/2025","173.707","163.796","175.955","161.602","8.92M","5.92%"
"07/15/2025","164.001","162.117","164.191","157.296","6.26M","1.08%"
"07/14/2025","162.251","160.987","168.544","160.668","6.74M","0.69%"
"07/13/2025","161.132","160.607","164.114","159.667","3.39M","0.27%"
"07/12/2025","160.693","162.930","163.897","157.974","3.52M","-1.38%"
"07/11/2025","162.947","164.153","168.184","159.692","7.32M","-0.83%"
"07/10/2025","164.307","157.087","165.350","155.977","5.89M","4.62%"
"07/09/2025","157.055","151.614","157.898","150.568","4.77M","3.55%"
"07/08/2025","151.675","148.810","152.815","147.873","3.73M","1.87%"
"07/07/2025","148.890","151.884","153.445","147.712","3.41M","-1.96%"
"07/06/2025","151.871","147.580","153.704","146.800","3.25M","2.92%"
"07/05/2025","147.560","147.601","148.641","145.917","1.59M","-0.10%"
"07/04/2025","147.705","152.379","153.680","145.266","3.28M","-3.06%"
"07/03/2025","152.366","152.300","156.281","150.015","4.29M","0.06%"
"07/02/2025","152.280","146.825","154.403","145.960","5.15M","3.65%"
"07/01/2025","146.920","154.979","155.482","144.953","4.77M","-5.12%"
"06/30/2025","154.841","153.343","159.511","149.500","7.16M","0.97%"
"06/29/2025","153.350","150.874","154.660","149.402","3.29M","1.74%"
"06/28/2025","150.723","142.057","152.518","141.174","3.95M","6.07%"
"06/27/2025","142.100","138.999","144.637","137.360","3.99M","2.18%"
"06/26/2025","139.068","143.569","147.821","138.697","4.25M","-3.14%"
"06/25/2025","143.572","145.863","147.874","142.410","4.23M","-1.60%"
"06/24/2025","145.903","144.436","146.585","142.349","4.87M","0.99%"
"06/23/2025","144.476","131.610","146.726","130.872","8.11M","9.63%"
"06/22/2025","131.781","135.893","137.508","126.271","7.72M","-2.69%"
"06/21/2025","135.430","140.012","142.555","131.547","4.77M","-3.29%"
"06/20/2025","140.034","147.076","148.736","136.140","5.84M","-4.78%"
"06/19/2025","147.060","146.520","147.900","142.968","3.37M","0.48%"
"06/18/2025","146.363","147.662","149.147","143.897","4.81M","-0.78%"
"06/17/2025","147.521","150.266","154.291","145.703","6.95M","-2.01%"
"06/16/2025","150.550","152.748","158.667","150.402","6.82M","-1.57%"
"06/15/2025","152.945","144.713","153.315","144.245","5.25M","5.74%"
"06/14/2025","144.649","148.488","148.621","142.102","3.14M","-2.67%"
"06/13/2025","148.614","152.426","152.426","141.082","9.27M","-2.48%"
"06/12/2025","152.398","160.796","161.250","152.091","4.64M","-5.35%"
"06/11/2025","161.019","165.017","168.305","159.237","7.02M","-2.48%"
"06/10/2025","165.108","161.104","165.557","156.507","5.85M","2.48%"
"06/09/2025","161.119","152.458","161.610","149.649","4.66M","5.67%"
"06/08/2025","152.471","150.079","155.022","148.064","2.49M","1.58%"
"06/07/2025","150.094","147.848","152.813","146.956","2.26M","1.59%"
"06/06/2025","147.751","144.414","152.263","144.282","3.59M","2.38%"
"06/05/2025","144.314","153.217","154.581","141.685","6.83M","-5.84%"
"06/04/2025","153.260","155.204","157.873","153.015","3.29M","-1.27%"
"06/03/2025","155.226","156.542","163.309","154.279","4.99M","-1.02%"
"06/02/2025","156.832","157.613","158.930","151.848","4.45M","-0.55%"
"06/01/2025","157.702","156.491","157.869","150.703","3.67M","0.79%"
"05/31/2025","156.464","156.385","157.945","152.188","3.99M","0.16%"
"05/30/2025","156.210","167.189","167.461","155.563","6.37M","-6.32%"
"05/29/2025","166.741","172.135","175.221","166.097","4.62M","-3.19%"
"05/28/2025","172.234","176.764","177.410","169.013","4.25M","-2.52%"
"05/27/2025","176.692","174.875","179.369","171.454","4.60M","0.99%"
"05/26/2025","174.959","175.742","178.990","173.521","3.55M","-0.45%"
"05/25/2025","175.741","176.100","176.851","169.215","4.19M","-0.09%"
"05/24/2025","175.900","174.257","178.296","172.722","3.54M","1.11%"
"05/23/2025","173.970","179.724","187.634","173.439","10.12M","-3.18%"
"05/22/2025","179.691","173.527","180.756","172.696","6.04M","3.49%"
"05/21/2025","173.640","168.483","175.724","165.870","7.47M","3.00%"
"05/20/2025","168.589","166.972","172.972","164.626","5.25M","1.04%"
"05/19/2025","166.849","173.189","173.624","159.749","6.58M","-3.78%"
"05/18/2025","173.400","165.998","176.679","164.867","5.43M","4.49%"
"05/17/2025","165.944","167.391","169.926","164.110","3.90M","-0.91%"
"05/16/2025","167.465","168.781","174.088","166.565","4.52M","-0.97%"
"05/15/2025","169.111","176.749","178.292","167.021","6.23M","-4.24%"
"05/14/2025","176.606","183.782","184.770","173.427","5.97M","-3.92%"
"05/13/2025","183.808","174.310","184.742","166.644","7.55M","5.50%"
"05/12/2025","174.224","173.277","181.281","168.530","10.51M","0.58%"
"05/11/2025","173.216","177.605","179.948","169.523","5.59M","-2.61%"
"05/10/2025","177.861","172.843","178.830","168.852","5.35M","2.93%"
"05/09/2025","172.806","164.080","176.046","161.143","10.12M","5.09%"
"05/08/2025","164.436","147.445","164.436","147.118","9.17M","11.62%"
"05/07/2025","147.323","146.935","149.493","144.766","3.75M","0.34%"
"05/06/2025","146.820","146.700","147.195","141.621","3.50M","0.14%"
"05/05/2025","146.610","143.916","147.680","142.564","3.10M","1.84%"
"05/04/2025","143.967","146.685","147.712","143.704","2.34M","-1.87%"
"05/03/2025","146.704","148.046","148.987","145.893","2.12M","-0.91%"
"05/02/2025","148.047","151.020","151.861","147.360","3.50M","-1.88%"
"05/01/2025","150.886","147.724","153.904","147.598","4.75M","2.25%"
"04/30/2025","147.560","146.148","148.468","140.519","5.17M","0.83%"
"04/29/2025","146.343","147.741","150.262","145.060","4.09M","-0.98%"
"04/28/2025","147.796","147.912","153.348","144.718","6.08M","-0.12%"
"04/27/2025","147.967","149.310","150.324","145.567","2.66M","-0.83%"
"04/26/2025","149.207","150.983","153.036","147.851","2.74M","-1.12%"
"04/25/2025","150.896","152.380","156.495","149.953","6.90M","-1.09%"
"04/24/2025","152.564","151.246","152.838","145.475","5.52M","0.93%"
"04/23/2025","151.160","148.951","154.064","147.292","7.71M","1.64%"
"04/22/2025","148.717","136.658","150.019","135.006","7.95M","8.86%"
"04/21/2025","136.617","137.810","142.891","133.908","7.46M","-0.91%"
"04/20/2025","137.871","139.843","141.926","135.723","5.46M","-1.37%"
"04/19/2025","139.791","134.092","140.334","133.611","4.56M","4.24%"
"04/18/2025","134.107","134.999","135.946","132.513","3.76M","-0.54%"
"04/17/2025","134.831","131.390","135.958","129.594","6.53M","2.67%"
"04/16/2025","131.327","125.916","133.702","123.556","8.66M","4.12%"
"04/15/2025","126.129","129.406","134.380","125.901","5.93M","-2.52%"
"04/14/2025","129.390","128.305","136.037","128.157","7.32M","0.84%"
"04/13/2025","128.308","132.262","133.763","125.366","6.87M","-3.03%"
"04/12/2025","132.318","121.507","133.914","119.639","7.71M","8.96%"
"04/11/2025","121.435","112.635","122.621","112.181","7.71M","7.62%"
"04/10/2025","112.842","119.139","119.228","108.555","8.98M","-5.22%"
"04/09/2025","119.053","105.617","120.578","101.337","16.08M","12.94%"
"04/08/2025","105.415","106.789","112.543","103.077","10.82M","-1.42%"
"04/07/2025","106.930","106.055","111.791","95.534","23.21M","0.99%"
"04/06/2025","105.886","120.211","121.080","103.950","8.89M","-12.00%"
"04/05/2025","120.330","122.609","122.750","117.224","3.01M","-1.98%"
"04/04/2025","122.766","117.131","123.976","113.393","9.85M","4.84%"
"04/03/2025","117.099","117.348","120.837","112.304","9.46M","-0.18%"
"04/02/2025","117.313","126.565","135.976","117.282","10.84M","-7.39%"
"04/01/2025","126.680","124.459","130.328","123.840","5.63M","1.73%"
"03/31/2025","124.527","124.808","127.768","122.967","5.86M","-0.17%"
"03/30/2025","124.743","124.466","126.929","123.044","2.94M","0.15%"
"03/29/2025","124.556","129.451","130.475","122.952","3.99M","-3.81%"
"03/28/2025","129.488","138.403","139.021","127.840","6.24M","-6.45%"
"03/27/2025","138.416","137.261","140.184","135.757","3.93M","0.80%"
"03/26/2025","137.322","143.550","145.469","135.986","4.95M","-4.41%"
"03/25/2025","143.657","140.777","147.305","138.202","5.75M","1.84%"
"03/24/2025","141.066","132.524","144.930","132.120","7.49M","6.22%"
"03/23/2025","132.804","128.381","134.017","128.242","2.74M","3.37%"
"03/22/2025","128.481","128.619","131.783","127.864","2.28M","0.00%"
"03/21/2025","128.485","127.426","130.093","124.874","3.87M","0.73%"
"03/20/2025","127.558","135.397","135.917","126.736","4.21M","-5.76%"
"03/19/2025","135.361","125.219","136.023","124.245","6.67M","7.99%"
"03/18/2025","125.344","127.990","128.061","121.846","4.91M","-2.11%"
"03/17/2025","128.048","126.148","130.600","125.655","4.47M","1.53%"
"03/16/2025","126.112","136.003","136.621","125.256","4.46M","-7.18%"
"03/15/2025","135.870","133.543","136.509","132.465","2.95M","1.83%"
"03/14/2025","133.424","123.105","135.797","123.090","5.90M","8.15%"
"03/13/2025","123.375","126.487","128.334","120.913","4.73M","-2.56%"
"03/12/2025","126.610","125.620","131.164","121.305","7.21M","1.03%"
"03/11/2025","125.323","118.710","128.321","112.247","10.44M","6.04%"
"03/10/2025","118.187","126.747","131.298","115.683","10.63M","-6.55%"
"03/09/2025","126.464","136.891","139.845","125.717","6.02M","-7.68%"
"03/08/2025","136.989","139.332","141.065","135.347","3.05M","-1.68%"
"03/07/2025","139.329","143.333","150.228","135.315","11.18M","-2.78%"
"03/06/2025","143.306","146.505","152.876","142.473","6.86M","-2.05%"
"03/05/2025","146.305","144.318","149.626","140.385","7.66M","1.03%"
"03/04/2025","144.809","141.441","146.693","131.317","16.44M","1.89%"
"03/03/2025","142.123","178.133","178.133","139.418","17.70M","-20.47%"
"03/02/2025","178.711","143.637","179.039","140.137","20.86M","24.35%"
"03/01/2025","143.717","147.788","150.853","138.594","5.97M","-3.00%"
"02/28/2025","148.161","137.747","148.575","125.641","15.03M","7.63%"
"02/27/2025","137.654","135.399","142.565","134.860","6.93M","1.78%"
"02/26/2025","135.244","144.379","145.095","130.706","9.20M","-6.25%"
"02/25/2025","144.259","142.899","146.934","132.091","18.18M","1.70%"
"02/24/2025","141.848","168.179","169.592","140.131","12.22M","-15.53%"
"02/23/2025","167.920","172.108","173.039","166.471","2.18M","-2.42%"
"02/22/2025","172.087","168.311","174.513","168.158","2.87M","1.90%"
"02/21/2025","168.882","176.155","180.438","167.191","6.46M","-4.06%"
"02/20/2025","176.037","168.948","176.431","167.746","4.42M","4.24%"
"02/19/2025","168.877","169.708","174.196","164.031","5.34M","-0.21%"
"02/18/2025","169.234","177.508","179.014","161.270","9.70M","-4.65%"
"02/17/2025","177.488","188.363","189.535","175.074","6.13M","-5.77%"
"02/16/2025","188.363","194.486","196.023","186.617","2.83M","-3.15%"
"02/15/2025","194.491","199.528","200.216","192.680","2.29M","-2.52%"
"02/14/2025","199.528","194.269","205.162","194.177","5.09M","2.69%"
"02/13/2025","194.306","196.745","198.282","189.112","3.49M","-1.24%"
"02/12/2025","196.745","198.055","198.495","188.923","5.39M","-0.66%"
"02/11/2025","198.045","200.521","206.162","195.250","4.92M","-1.23%"
"02/10/2025","200.521","200.459","208.969","196.066","5.11M","0.03%"
"02/09/2025","200.459","199.485","207.297","193.938","4.39M","0.49%"
"02/08/2025","199.485","192.118","200.767","189.949","2.84M","3.84%"
"02/07/2025","192.111","189.622","203.309","188.223","5.47M","1.31%"
"02/06/2025","189.625","195.777","203.921","187.913","4.98M","-3.14%"
"02/05/2025","195.777","206.717","209.145","195.252","4.46M","-5.28%"
"02/04/2025","206.687","216.249","219.918","202.513","8.56M","-4.42%"
"02/03/2025","216.249","203.350","218.456","177.534","18.18M","6.35%"
"02/02/2025","203.345","213.233","218.545","194.363","10.45M","-4.63%"
"02/01/2025","213.220","231.748","234.139","213.047","3.89M","-8.00%"
"01/31/2025","231.749","238.667","241.698","228.244","4.15M","-2.90%"
"01/30/2025","238.667","227.925","244.537","227.001","4.84M","4.70%"
"01/29/2025","227.948","227.041","237.913","222.721","5.67M","0.33%"
"01/28/2025","227.191","235.068","243.787","225.152","5.27M","-3.35%"
"01/27/2025","235.068","240.654","242.442","221.315","12.21M","-2.32%"
"01/26/2025","240.654","256.091","259.917","240.561","4.19M","-6.03%"
"01/25/2025","256.091","253.339","260.735","246.366","4.99M","1.09%"
"01/24/2025","253.339","253.154","269.905","247.297","7.19M","0.07%"
"01/23/2025","253.154","257.477","258.250","242.274","9.27M","-1.69%"
"01/22/2025","257.517","250.560","271.612","248.616","8.84M","2.78%"
"01/21/2025","250.560","242.098","259.899","230.959","10.42M","3.49%"
"01/20/2025","242.098","252.031","273.042","230.388","22.22M","-3.90%"
"01/19/2025","251.920","261.832","294.816","239.135","32.60M","-3.78%"
"01/18/2025","261.820","219.472","268.479","217.388","26.40M","19.30%"
"01/17/2025","219.472","211.010","221.931","209.939","5.97M","4.01%"
"01/16/2025","211.011","205.841","217.082","198.537","7.30M","2.51%"
"01/15/2025","205.841","187.419","206.014","185.858","5.31M","9.83%"
"01/14/2025","187.419","182.677","190.025","181.885","3.58M","2.60%"
"01/13/2025","182.671","188.474","191.803","171.769","7.12M","-3.08%"
"01/12/2025","188.474","188.048","190.941","185.200","1.77M","0.22%"
"01/11/2025","188.053","187.645","191.712","184.074","2.99M","0.22%"
"01/10/2025","187.645","185.022","192.840","183.700","4.69M","1.42%"
"01/09/2025","185.022","197.620","198.977","182.096","4.69M","-6.37%"
"01/08/2025","197.606","202.229","203.149","188.551","5.88M","-2.29%"
"01/07/2025","202.235","218.236","219.066","202.057","5.07M","-7.33%"
"01/06/2025","218.234","213.281","223.097","211.572","3.92M","2.32%"
"01/05/2025","213.282","216.651","218.987","211.665","2.89M","-1.55%"
"01/04/2025","216.644","217.967","218.060","213.604","2.68M","-0.61%"
"01/03/2025","217.967","208.178","219.727","205.633","4.44M","4.70%"
"01/02/2025","208.186","194.157","210.081","193.467","4.69M","7.23%"
"01/01/2025","194.157","189.501","195.150","187.918","2.80M","2.47%"
"12/31/2024","189.485","191.295","199.111","188.028","3.85M","-0.96%"
"12/30/2024","191.330","189.892","196.349","185.982","3.68M","0.76%"
"12/29/2024","189.892","195.393","197.501","188.557","2.47M","-2.79%"
"12/28/2024","195.350","184.121","195.822","183.906","2.43M","6.10%"
"12/27/2024","184.121","188.442","194.174","182.886","2.98M","-2.30%"
"12/26/2024","188.448","197.447","199.617","186.632","3.11M","-4.56%"
"12/25/2024","197.447","197.009","201.812","195.183","2.81M","0.23%"
"12/24/2024","196.997","189.989","198.932","186.149","3.81M","3.69%"
"12/23/2024","189.989","180.482","193.372","176.685","5.88M","5.27%"
"12/22/2024","180.482","181.175","187.805","177.097","4.82M","-0.37%"
"12/21/2024","181.146","194.450","201.937","178.651","7.03M","-6.83%"
"12/20/2024","194.436","193.829","199.508","175.989","13.02M","0.31%"
"12/19/2024","193.835","206.745","212.065","187.365","10.13M","-6.24%"
"12/18/2024","206.745","223.104","225.911","204.953","7.35M","-7.21%"
"12/17/2024","222.810","216.172","228.835","211.619","6.99M","3.07%"
"12/16/2024","216.172","224.143","227.121","213.463","5.31M","-3.41%"
"12/15/2024","223.797","219.874","225.283","215.765","3.14M","1.78%"
"12/14/2024","219.877","224.890","227.492","215.231","3.05M","-2.24%"
"12/13/2024","224.910","226.925","228.366","220.629","4.30M","-0.89%"
"12/12/2024","226.925","227.387","234.576","225.786","4.93M","-0.21%"
"12/11/2024","227.408","213.669","230.500","211.628","6.36M","6.42%"
"12/10/2024","213.680","217.006","220.614","203.448","9.68M","-1.54%"
"12/09/2024","217.012","237.097","237.137","207.170","9.41M","-8.47%"
"12/08/2024","237.097","238.195","241.497","233.395","3.07M","-0.54%"
"12/07/2024","238.379","236.799","243.161","234.235","4.05M","0.67%"
"12/06/2024","236.799","236.185","246.912","231.130","6.84M","0.24%"
"12/05/2024","236.242","229.198","244.682","223.071","10.05M","3.07%"
"12/04/2024","229.216","233.980","240.702","224.750","7.07M","-2.04%"
"12/03/2024","233.980","225.794","239.390","215.205","9.16M","3.63%"
"12/02/2024","225.794","236.833","238.028","220.155","8.19M","-4.64%"
"12/01/2024","236.775","237.603","239.810","234.191","3.39M","-0.35%"
"11/30/2024","237.600","243.285","245.278","237.574","3.14M","-2.34%"
"11/29/2024","243.285","237.589","246.726","236.673","3.93M","2.40%"
"11/28/2024","237.594","241.955","245.262","232.959","3.51M","-1.81%"
"11/27/2024","241.983","230.745","243.351","227.668","5.09M","4.87%"
"11/26/2024","230.745","234.061","239.672","222.492","6.57M","-1.42%"
"11/25/2024","234.073","252.800","256.502","231.262","6.49M","-7.41%"
"11/24/2024","252.800","254.920","259.706","241.600","4.75M","-0.83%"
"11/23/2024","254.913","256.656","263.966","252.829","6.04M","-0.65%"
"11/22/2024","256.576","256.552","264.248","251.654","6.72M","0.00%"
"11/21/2024","256.587","235.513","259.316","230.038","11.10M","8.95%"
"11/20/2024","235.513","237.588","242.146","230.677","6.92M","-0.88%"
"11/19/2024","237.593","239.779","247.460","233.782","6.97M","-0.91%"
"11/18/2024","239.769","237.471","248.366","234.077","9.26M","0.97%"
"11/17/2024","237.467","215.668","241.875","212.258","10.50M","10.11%"
"11/16/2024","215.662","218.441","221.891","213.629","5.41M","-1.27%"
"11/15/2024","218.439","209.490","220.185","204.615","6.81M","4.27%"
"11/14/2024","209.490","215.179","222.788","207.109","9.41M","-2.65%"
"11/13/2024","215.187","211.579","220.398","201.034","13.50M","1.71%"
"11/12/2024","211.579","222.141","225.081","205.145","11.40M","-4.75%"
"11/11/2024","222.141","210.053","224.022","204.309","11.29M","5.75%"
"11/10/2024","210.053","199.926","215.152","198.738","10.26M","5.07%"
"11/09/2024","199.920","199.845","203.384","195.090","4.08M","0.04%"
"11/08/2024","199.844","196.235","204.862","195.709","6.91M","1.84%"
"11/07/2024","196.233","186.620","197.805","186.007","5.94M","5.15%"
"11/06/2024","186.627","166.622","189.943","166.551","13.31M","12.00%"
"11/05/2024","166.624","157.958","169.245","156.956","4.60M","5.49%"
"11/04/2024","157.953","162.490","164.959","155.188","4.02M","-2.79%"
"11/03/2024","162.483","166.082","166.544","158.004","3.80M","-2.17%"
"11/02/2024","166.082","166.149","168.560","162.228","2.29M","-0.05%"
"11/01/2024","166.165","168.763","173.945","163.796","4.54M","-1.53%"
"10/31/2024","168.754","174.910","176.473","167.636","3.68M","-3.52%"
"10/30/2024","174.918","179.431","181.271","173.227","3.97M","-2.51%"
"10/29/2024","179.425","178.197","183.272","176.441","5.58M","0.69%"
"10/28/2024","178.199","176.698","179.547","172.640","5.14M","0.85%"
"10/27/2024","176.701","170.799","178.214","170.282","3.50M","3.46%"
"10/26/2024","170.798","165.108","173.189","162.520","4.03M","3.45%"
"10/25/2024","165.098","177.156","177.409","160.134","7.34M","-6.81%"
"10/24/2024","177.159","170.927","179.130","170.532","5.25M","3.65%"
"10/23/2024","170.927","167.419","174.160","164.219","5.88M","2.13%"
"10/22/2024","167.364","166.140","170.953","163.117","5.34M","0.74%"
"10/21/2024","166.142","167.351","171.464","161.602","6.30M","-0.72%"
"10/20/2024","167.338","159.683","167.861","157.613","4.12M","4.79%"
"10/19/2024","159.683","154.914","159.766","153.845","2.51M","3.08%"
"10/18/2024","154.913","150.503","156.613","149.678","2.78M","2.93%"
"10/17/2024","150.503","154.275","155.648","147.796","3.79M","-2.44%"
"10/16/2024","154.275","154.774","158.225","153.042","4.01M","-0.32%"
"10/15/2024","154.774","157.536","159.441","150.464","5.96M","-1.75%"
"10/14/2024","157.536","147.680","157.977","146.868","5.39M","6.67%"
"10/13/2024","147.682","146.390","148.742","144.572","2.37M","0.87%"
"10/12/2024","146.404","145.453","147.219","144.695","2.10M","0.66%"
"10/11/2024","145.449","139.029","146.454","138.732","3.49M","4.61%"
"10/10/2024","139.038","139.308","140.798","136.112","3.30M","-0.19%"
"10/09/2024","139.308","143.488","145.289","138.795","3.20M","-2.93%"
"10/08/2024","143.516","143.930","145.548","141.213","3.08M","-0.29%"
"10/07/2024","143.932","146.483","152.215","143.573","4.94M","-1.74%"
"10/06/2024","146.488","142.592","146.694","142.014","2.13M","2.72%"
"10/05/2024","142.604","143.151","144.873","141.086","2.17M","-0.39%"
"10/04/2024","143.161","136.844","144.479","135.985","4.39M","4.62%"
"10/03/2024","136.835","140.236","142.904","133.380","5.27M","-2.42%"
"10/02/2024","140.236","145.251","148.901","138.687","5.44M","-3.46%"
"10/01/2024","145.261","152.621","157.290","142.708","7.03M","-4.83%"
"09/30/2024","152.630","158.471","159.710","151.908","4.23M","-3.69%"
"09/29/2024","158.479","156.710","161.705","155.150","3.29M","1.13%"
"09/28/2024","156.710","157.647","159.396","155.152","2.36M","-0.59%"
"09/27/2024","157.647","155.549","160.986","154.017","4.99M","1.35%"
"09/26/2024","155.548","147.999","157.981","146.590","5.59M","5.10%"
"09/25/2024","147.999","152.666","153.758","147.366","3.81M","-3.07%"
"09/24/2024","152.684","144.714","153.921","143.291","5.54M","5.51%"
"09/23/2024","144.713","144.687","148.985","142.203","4.47M","-0.01%"
"09/22/2024","144.732","149.419","149.870","141.285","3.05M","-3.13%"
"09/21/2024","149.414","146.699","149.797","144.669","2.70M","1.85%"
"09/20/2024","146.699","142.872","152.125","141.234","5.96M","2.68%"
"09/19/2024","142.874","134.327","143.908","134.327","6.04M","6.36%"
"09/18/2024","134.327","131.540","134.327","127.196","4.70M","2.12%"
"09/17/2024","131.540","131.405","135.500","130.359","3.43M","0.10%"
"09/16/2024","131.405","131.419","132.310","129.068","3.14M","-0.02%"
"09/15/2024","131.425","137.157","137.916","130.801","2.76M","-4.18%"
"09/14/2024","137.158","139.069","139.755","135.730","2.14M","-1.37%"
"09/13/2024","139.069","136.038","139.744","131.812","3.85M","2.23%"
"09/12/2024","136.038","132.404","136.659","132.394","3.47M","2.75%"
"09/11/2024","132.404","135.619","135.875","128.347","4.31M","-2.36%"
"09/10/2024","135.604","135.050","137.863","132.573","3.38M","0.41%"
"09/09/2024","135.048","130.127","136.853","127.102","5.01M","3.81%"
"09/08/2024","130.092","127.729","131.538","126.654","2.83M","1.85%"
"09/07/2024","127.733","125.042","129.334","124.227","2.93M","2.16%"
"09/06/2024","125.031","129.462","134.215","120.927","7.68M","-3.42%"
"09/05/2024","129.462","133.652","135.300","127.960","3.91M","-3.13%"
"09/04/2024","133.652","127.505","134.826","122.836","5.71M","4.86%"
"09/03/2024","127.457","134.949","137.234","127.314","3.82M","-5.55%"
"09/02/2024","134.948","128.565","135.377","127.149","4.44M","4.96%"
"09/01/2024","128.572","135.342","136.031","127.870","4.27M","-5.00%"
"08/31/2024","135.342","137.980","139.183","134.545","1.92M","-1.91%"
"08/30/2024","137.975","140.025","141.067","132.328","5.44M","-1.46%"
"08/29/2024","140.025","143.928","147.310","138.186","4.10M","-2.71%"
"08/28/2024","143.928","146.923","148.709","140.658","5.65M","-2.04%"
"08/27/2024","146.921","157.137","159.544","145.275","5.10M","-6.50%"
"08/26/2024","157.136","159.057","161.878","155.594","4.46M","-1.22%"
"08/25/2024","159.083","160.667","161.951","155.331","3.56M","-0.99%"
"08/24/2024","160.667","153.150","162.146","152.014","5.21M","4.91%"
"08/23/2024","153.150","143.214","153.757","142.743","5.26M","6.95%"
"08/22/2024","143.194","142.719","144.780","140.820","2.73M","0.33%"
"08/21/2024","142.726","142.287","144.328","139.003","3.81M","0.30%"
"08/20/2024","142.295","144.308","148.629","141.173","4.35M","-1.39%"
"08/19/2024","144.304","142.406","145.548","140.390","3.98M","1.32%"
"08/18/2024","142.420","141.932","146.997","140.759","3.83M","0.36%"
"08/17/2024","141.914","139.044","141.941","137.664","2.34M","2.06%"
"08/16/2024","139.044","142.491","144.836","136.226","5.55M","-2.41%"
"08/15/2024","142.479","143.763","147.433","138.086","6.05M","-0.89%"
"08/14/2024","143.765","146.668","151.866","142.582","5.48M","-1.98%"
"08/13/2024","146.663","146.321","149.722","143.011","4.04M","0.23%"
"08/12/2024","146.321","141.455","150.688","141.419","6.77M","3.45%"
"08/11/2024","141.440","154.018","157.798","141.243","4.84M","-8.17%"
"08/10/2024","154.016","156.247","158.452","152.716","2.91M","-1.43%"
"08/09/2024","156.247","162.990","163.485","151.041","6.31M","-4.10%"
"08/08/2024","162.920","144.623","163.291","141.490","10.70M","12.81%"
"08/07/2024","144.422","144.429","154.964","142.476","11.67M","0.03%"
"08/06/2024","144.385","129.702","149.307","129.529","11.68M","11.32%"
"08/05/2024","129.702","138.288","139.091","110.155","34.18M","-6.13%"
"08/04/2024","138.174","142.442","146.004","131.836","9.60M","-3.00%"
"08/03/2024","142.442","152.837","153.893","140.109","7.40M","-6.80%"
"08/02/2024","152.837","167.480","169.337","150.067","8.07M","-8.76%"
"08/01/2024","167.504","171.678","172.776","158.034","8.05M","-2.43%"
"07/31/2024","171.678","179.084","184.270","171.678","4.87M","-4.12%"
"07/30/2024","179.061","182.550","184.683","175.628","4.55M","-1.94%"
"07/29/2024","182.606","184.906","193.890","181.681","5.72M","-1.24%"
"07/28/2024","184.904","183.818","186.579","181.303","2.79M","0.59%"
"07/27/2024","183.818","183.058","188.137","178.149","4.98M","0.42%"
"07/26/2024","183.058","171.842","183.506","171.842","4.41M","6.53%"
"07/25/2024","171.837","178.142","179.549","165.693","6.74M","-3.51%"
"07/24/2024","178.082","173.003","182.383","171.035","5.05M","2.94%"
"07/23/2024","173.000","178.961","180.495","170.868","5.13M","-3.33%"
"07/22/2024","178.958","184.414","184.860","176.837","4.47M","-2.96%"
"07/21/2024","184.414","173.614","184.959","170.733","5.01M","6.22%"
"07/20/2024","173.607","169.155","174.965","167.361","3.06M","2.63%"
"07/19/2024","169.153","159.214","171.244","156.287","6.56M","6.25%"
"07/18/2024","159.209","155.477","161.546","155.304","3.63M","2.50%"
"07/17/2024","155.325","160.620","163.602","154.712","4.10M","-3.24%"
"07/16/2024","160.527","159.614","162.444","152.744","5.54M","0.57%"
"07/15/2024","159.616","147.694","159.933","147.053","4.94M","8.08%"
"07/14/2024","147.687","141.884","148.536","141.884","4.19M","4.09%"
"07/13/2024","141.884","139.497","143.508","137.991","2.20M","1.71%"
"07/12/2024","139.497","135.734","140.504","134.091","4.19M","2.74%"
"07/11/2024","135.776","142.082","145.511","135.735","4.78M","-4.43%"
"07/10/2024","142.077","141.368","145.963","138.669","3.85M","0.50%"
"07/09/2024","141.368","139.713","144.039","136.548","4.78M","1.16%"
"07/08/2024","139.747","131.492","141.723","128.120","7.88M","6.30%"
"07/07/2024","131.462","143.101","143.288","131.355","3.76M","-8.16%"
"07/06/2024","143.147","134.306","144.084","132.452","4.11M","6.58%"
"07/05/2024","134.309","127.674","136.137","121.261","10.68M","5.20%"
"07/04/2024","127.674","140.774","142.676","127.292","7.37M","-9.29%"
"07/03/2024","140.744","153.905","154.439","139.490","6.14M","-8.55%"
"07/02/2024","153.909","146.671","154.946","146.142","4.07M","4.94%"
"07/01/2024","146.669","146.553","149.088","145.871","3.68M","0.07%"
"06/30/2024","146.560","140.189","147.427","137.177","3.35M","4.55%"
"06/29/2024","140.185","139.961","143.008","139.713","2.68M","0.18%"
"06/28/2024","139.930","149.713","150.387","139.015","5.03M","-6.53%"
"06/27/2024","149.703","136.793","150.960","135.224","6.31M","9.43%"
"06/26/2024","136.796","136.573","140.325","134.910","3.63M","0.16%"
"06/25/2024","136.573","132.326","139.822","131.208","6.08M","3.25%"
"06/24/2024","132.275","128.638","132.546","123.337","8.62M","2.82%"
"06/23/2024","128.644","133.692","135.071","128.219","2.44M","-3.77%"
"06/22/2024","133.689","134.529","136.625","133.101","1.97M","-0.63%"
"06/21/2024","134.536","133.527","135.309","128.772","4.77M","0.76%"
"06/20/2024","133.527","135.652","141.118","131.977","5.02M","-1.56%"
"06/19/2024","135.646","137.394","141.771","134.658","4.66M","-1.26%"
"06/18/2024","137.376","143.225","143.750","129.144","9.04M","-4.08%"
"06/17/2024","143.225","151.265","151.731","139.984","4.56M","-5.31%"
"06/16/2024","151.256","145.505","151.256","143.095","2.05M","3.96%"
"06/15/2024","145.500","143.056","145.687","142.962","1.94M","1.71%"
"06/14/2024","143.050","147.242","148.939","139.857","4.57M","-2.85%"
"06/13/2024","147.250","155.229","155.237","146.046","3.73M","-5.15%"
"06/12/2024","155.237","149.351","161.663","145.513","5.58M","3.94%"
"06/11/2024","149.351","159.048","159.644","145.666","5.57M","-6.10%"
"06/10/2024","159.049","162.129","163.123","157.623","2.59M","-1.90%"
"06/09/2024","162.136","157.818","163.014","156.625","2.18M","2.73%"
"06/08/2024","157.829","162.504","163.716","157.403","2.69M","-2.88%"
"06/07/2024","162.504","170.114","172.583","155.049","5.11M","-4.47%"
"06/06/2024","170.106","173.491","174.371","167.754","3.07M","-1.95%"
"06/05/2024","173.491","171.784","175.565","171.207","3.80M","1.00%"
"06/04/2024","171.778","164.898","171.859","164.446","3.29M","4.13%"
"06/03/2024","164.958","163.243","167.095","161.793","3.57M","1.05%"
"06/02/2024","163.241","166.116","167.055","161.415","2.61M","-1.73%"
"06/01/2024","166.116","165.580","167.857","165.580","1.65M","0.32%"
"05/31/2024","165.580","166.847","170.821","164.024","3.82M","-0.79%"
"05/30/2024","166.895","168.276","172.361","163.638","4.86M","-0.83%"
"05/29/2024","168.291","168.695","173.765","167.307","4.60M","-0.24%"
"05/28/2024","168.694","170.132","173.139","165.068","5.32M","-0.84%"
"05/27/2024","170.124","163.356","172.203","163.356","4.17M","4.14%"
"05/26/2024","163.354","168.379","168.388","161.180","4.30M","-2.99%"
"05/25/2024","168.385","167.775","170.406","166.077","3.03M","0.36%"
"05/24/2024","167.785","176.040","176.077","162.703","6.89M","-4.69%"
"05/23/2024","176.040","176.955","180.710","167.284","8.44M","-0.56%"
"05/22/2024","177.027","178.179","183.244","175.100","5.95M","-0.65%"
"05/21/2024","178.179","186.752","188.752","174.507","7.58M","-4.61%"
"05/20/2024","186.788","169.932","188.229","167.848","6.98M","9.92%"
"05/19/2024","169.936","172.441","175.372","166.432","3.45M","-1.45%"
"05/18/2024","172.441","169.439","175.983","168.742","3.86M","1.77%"
"05/17/2024","169.441","159.320","171.959","159.301","5.47M","6.36%"
"05/16/2024","159.306","158.285","164.395","156.778","6.09M","0.65%"
"05/15/2024","158.285","142.021","158.730","141.362","6.79M","11.45%"
"05/14/2024","142.023","147.395","148.949","141.927","4.73M","-3.66%"
"05/13/2024","147.411","143.417","150.564","138.008","5.92M","2.78%"
"05/12/2024","143.417","145.389","147.731","142.893","1.92M","-1.36%"
"05/11/2024","145.391","146.032","147.551","143.254","3.06M","-0.44%"
"05/10/2024","146.032","152.814","155.560","144.769","5.90M","-4.43%"
"05/09/2024","152.795","142.169","153.202","140.643","5.30M","7.45%"
"05/08/2024","142.206","148.057","149.925","140.046","6.00M","-3.96%"
"05/07/2024","148.062","152.825","159.087","147.994","5.93M","-3.12%"
"05/06/2024","152.825","145.692","156.586","145.481","6.19M","4.90%"
"05/05/2024","145.692","146.056","147.966","143.255","3.24M","-0.25%"
"05/04/2024","146.057","143.650","147.803","142.376","4.00M","1.68%"
"05/03/2024","143.639","137.645","144.897","136.019","6.31M","4.35%"
"05/02/2024","137.648","134.642","140.670","128.284","7.71M","2.23%"
"05/01/2024","134.643","126.737","135.697","119.180","11.14M","6.24%"
"04/30/2024","126.740","137.718","139.687","121.528","8.60M","-7.95%"
"04/29/2024","137.686","137.973","138.890","133.513","5.85M","-0.15%"
"04/28/2024","137.895","141.306","144.586","137.178","4.14M","-2.41%"
"04/27/2024","141.306","139.104","142.952","133.850","5.50M","1.58%"
"04/26/2024","139.104","144.803","146.034","138.885","5.25M","-3.94%"
"04/25/2024","144.808","147.739","149.438","142.245","7.35M","-1.98%"
"04/24/2024","147.739","154.742","159.748","145.734","8.56M","-4.53%"
"04/23/2024","154.743","156.978","159.976","153.141","5.73M","-1.42%"
"04/22/2024","156.979","148.794","158.372","146.867","6.92M","5.51%"
"04/21/2024","148.785","151.150","153.334","146.915","5.12M","-1.56%"
"04/20/2024","151.138","142.362","152.226","139.718","6.72M","6.17%"
"04/19/2024","142.362","142.076","147.425","128.627","15.07M","0.23%"
"04/18/2024","142.037","131.892","143.720","128.002","10.57M","7.67%"
"04/17/2024","131.919","136.227","142.648","127.087","13.42M","-3.16%"
"04/16/2024","136.227","138.535","140.403","126.639","15.13M","-1.64%"
"04/15/2024","138.499","151.416","155.920","133.876","16.13M","-8.53%"
"04/14/2024","151.412","138.641","152.499","130.816","21.55M","9.21%"
"04/13/2024","138.641","153.255","154.838","119.471","26.82M","-9.55%"
"04/12/2024","153.281","172.374","175.891","142.597","11.54M","-11.11%"
"04/11/2024","172.432","173.313","176.257","170.184","6.30M","-0.52%"
"04/10/2024","173.329","172.389","175.431","163.229","7.87M","0.54%"
"04/09/2024","172.390","180.691","180.853","169.362","6.29M","-4.59%"
"04/08/2024","180.691","179.527","184.501","175.498","5.28M","0.64%"
"04/07/2024","179.541","178.698","182.620","176.961","3.53M","0.47%"
"04/06/2024","178.703","174.370","179.699","173.604","3.91M","2.49%"
"04/05/2024","174.368","184.007","185.025","168.038","6.98M","-5.23%"
"04/04/2024","183.999","185.090","190.099","180.251","5.30M","-0.58%"
"04/03/2024","185.076","181.428","191.625","177.085","6.61M","2.00%"
"04/02/2024","181.446","192.228","192.228","175.973","8.15M","-5.61%"
"04/01/2024","192.224","202.510","204.194","187.311","6.50M","-5.08%"
"03/31/2024","202.510","194.211","203.075","193.747","3.84M","4.27%"
"03/30/2024","194.221","192.105","199.812","190.938","4.94M","1.10%"
"03/29/2024","192.107","189.473","192.949","183.558","5.15M","1.39%"
"03/28/2024","189.482","186.230","190.838","180.923","5.21M","1.77%"
"03/27/2024","186.180","190.460","192.546","180.341","7.23M","-2.25%"
"03/26/2024","190.465","188.977","196.509","186.378","6.33M","0.79%"
"03/25/2024","188.979","183.692","194.458","181.085","7.35M","2.89%"
"03/24/2024","183.676","172.641","186.564","171.392","5.04M","6.39%"
"03/23/2024","172.641","175.077","178.755","170.502","5.04M","-1.40%"
"03/22/2024","175.087","179.403","181.643","167.718","8.20M","-2.41%"
"03/21/2024","179.417","191.772","195.408","175.909","10.33M","-6.50%"
"03/20/2024","191.897","169.890","193.103","162.719","16.47M","12.95%"
"03/19/2024","169.894","195.847","198.548","166.249","21.79M","-13.26%"
"03/18/2024","195.866","201.814","209.917","194.427","14.86M","-2.95%"
"03/17/2024","201.830","182.071","204.396","178.884","13.62M","10.85%"
"03/16/2024","182.079","183.854","197.783","177.242","17.08M","-0.68%"
"03/15/2024","183.334","176.523","188.803","165.177","23.17M","3.86%"
"03/14/2024","176.523","163.914","177.989","159.632","14.17M","7.70%"
"03/13/2024","163.907","151.053","166.580","148.824","10.57M","8.51%"
"03/12/2024","151.054","148.803","154.890","141.877","12.21M","1.52%"
"03/11/2024","148.791","144.413","150.070","136.848","10.64M","3.04%"
"03/10/2024","144.407","144.279","148.515","140.599","6.32M","0.12%"
"03/09/2024","144.238","144.765","149.122","143.799","5.65M","-0.35%"
"03/08/2024","144.748","143.863","152.672","142.149","10.23M","0.60%"
"03/07/2024","143.888","130.733","149.033","130.676","13.99M","10.06%"
"03/06/2024","130.734","125.365","134.886","120.184","11.35M","4.38%"
"03/05/2024","125.249","132.896","142.507","111.792","20.50M","-5.75%"
"03/04/2024","132.896","130.213","134.933","127.540","9.69M","2.05%"
"03/03/2024","130.220","130.078","132.076","124.848","6.20M","0.11%"
"03/02/2024","130.078","129.914","131.620","127.399","5.71M","0.13%"
"03/01/2024","129.914","125.621","137.554","125.602","10.16M","3.44%"
"02/29/2024","125.588","118.878","134.492","117.433","16.95M","5.65%"
"02/28/2024","118.877","108.400","118.877","107.284","14.27M","9.67%"
"02/27/2024","108.398","109.856","112.200","105.667","7.72M","-1.32%"
"02/26/2024","109.851","103.469","110.693","100.352","6.79M","6.16%"
"02/25/2024","103.475","104.012","104.405","102.081","2.45M","-0.52%"
"02/24/2024","104.012","99.828","104.691","98.507","2.96M","4.19%"
"02/23/2024","99.827","101.751","103.084","98.786","4.41M","-1.91%"
"02/22/2024","101.774","105.064","107.045","101.524","4.96M","-3.13%"
"02/21/2024","105.059","108.325","108.341","100.267","6.18M","-2.99%"
"02/20/2024","108.292","111.465","112.092","104.863","7.17M","-2.85%"
"02/19/2024","111.465","112.214","114.772","111.011","4.68M","-0.66%"
"02/18/2024","112.206","108.912","114.033","107.535","3.72M","3.02%"
"02/17/2024","108.913","110.341","111.057","105.826","3.48M","-1.29%"
"02/16/2024","110.341","113.543","114.253","108.211","4.92M","-2.83%"
"02/15/2024","113.555","116.967","118.340","111.556","6.18M","-2.91%"
"02/14/2024","116.959","112.502","118.649","110.714","6.18M","3.96%"
"02/13/2024","112.502","111.803","114.860","108.414","7.12M","0.62%"
"02/12/2024","111.803","107.445","112.211","103.525","7.55M","4.06%"
"02/11/2024","107.439","109.031","110.625","107.289","3.52M","-1.46%"
"02/10/2024","109.032","106.935","110.858","106.914","5.03M","1.99%"
"02/09/2024","106.909","102.771","108.815","102.763","8.23M","4.04%"
"02/08/2024","102.760","101.059","104.912","100.562","7.17M","1.68%"
"02/07/2024","101.058","96.848","101.409","94.755","5.76M","4.34%"
"02/06/2024","96.850","95.626","97.858","93.314","5.53M","1.28%"
"02/05/2024","95.624","95.442","98.633","94.193","4.80M","0.20%"
"02/04/2024","95.435","97.940","98.528","95.106","3.54M","-2.56%"
"02/03/2024","97.940","100.546","101.165","96.709","3.64M","-2.59%"
"02/02/2024","100.542","97.803","102.495","97.452","6.94M","2.80%"
"02/01/2024","97.803","97.040","98.015","93.143","8.65M","0.78%"
"01/31/2024","97.043","101.373","102.581","96.090","10.67M","-4.28%"
"01/30/2024","101.377","101.617","106.318","101.033","8.76M","-0.23%"
"01/29/2024","101.613","95.982","101.880","95.103","7.24M","5.87%"
"01/28/2024","95.982","94.266","99.420","93.422","6.86M","1.89%"
"01/27/2024","94.201","92.272","94.481","90.720","3.54M","2.16%"
"01/26/2024","92.209","86.877","93.662","86.100","6.02M","6.13%"
"01/25/2024","86.880","88.771","89.585","85.173","5.12M","-2.13%"
"01/24/2024","88.769","84.296","89.305","83.315","7.35M","5.30%"
"01/23/2024","84.303","83.841","85.924","79.009","10.07M","0.57%"
"01/22/2024","83.829","91.053","91.867","82.350","8.67M","-7.94%"
"01/21/2024","91.055","92.756","93.892","90.830","2.41M","-1.83%"
"01/20/2024","92.756","93.649","94.230","90.268","3.32M","-0.96%"
"01/19/2024","93.655","94.354","95.309","87.055","7.77M","-0.74%"
"01/18/2024","94.352","102.078","103.424","91.679","7.74M","-7.56%"
"01/17/2024","102.070","97.598","102.691","96.884","8.70M","4.57%"
"01/16/2024","97.607","94.358","98.682","94.189","4.57M","3.40%"
"01/15/2024","94.398","93.900","96.870","93.166","4.49M","0.58%"
"01/14/2024","93.855","95.781","103.110","93.767","7.68M","-2.00%"
"01/13/2024","95.774","92.058","97.039","89.590","5.22M","4.06%"
"01/12/2024","92.039","99.862","100.427","87.660","7.95M","-7.83%"
"01/11/2024","99.862","102.050","107.040","97.780","11.41M","-2.12%"
"01/10/2024","102.024","99.370","105.323","92.350","10.77M","2.67%"
"01/09/2024","99.370","97.899","103.898","95.484","10.42M","1.54%"
"01/08/2024","97.860","89.347","99.910","85.331","12.28M","9.55%"
"01/07/2024","89.328","93.728","96.713","87.928","6.84M","-4.69%"
"01/06/2024","93.728","99.930","100.227","91.618","6.18M","-6.21%"
"01/05/2024","99.930","104.876","105.301","95.605","8.01M","-4.72%"
"01/04/2024","104.876","98.536","108.042","96.776","8.73M","6.43%"
"01/03/2024","98.536","106.720","109.887","86.141","15.16M","-7.67%"
"01/02/2024","106.720","109.728","116.920","106.052","9.66M","-2.65%"
"01/01/2024","109.628","101.590","109.668","101.558","5.57M","7.91%"
"12/31/2023","101.590","101.808","105.151","99.597","4.84M","-0.21%"
"12/30/2023","101.808","106.166","107.360","100.862","4.93M","-4.11%"
"12/29/2023","106.166","101.845","109.726","99.632","11.74M","4.24%"
"12/28/2023","101.845","106.766","109.442","97.302","12.92M","-4.62%"
"12/27/2023","106.782","112.603","115.232","105.099","11.25M","-5.17%"
"12/26/2023","112.603","120.761","121.291","103.265","15.42M","-6.76%"
"12/25/2023","120.761","112.514","125.506","108.164","13.74M","7.37%"
"12/24/2023","112.471","107.948","117.912","107.504","15.82M","4.19%"
"12/23/2023","107.948","97.964","109.638","92.869","10.51M","10.18%"
"12/22/2023","97.972","93.908","99.342","90.659","15.05M","4.31%"
"12/21/2023","93.920","82.164","95.465","81.187","15.31M","14.31%"
"12/20/2023","82.164","73.068","83.992","72.986","13.60M","12.43%"
"12/19/2023","73.078","74.418","76.352","71.833","7.64M","-1.77%"
"12/18/2023","74.394","70.799","75.380","67.130","9.17M","5.17%"
"12/17/2023","70.737","73.733","74.914","70.594","6.50M","-4.05%"
"12/16/2023","73.724","72.503","77.191","71.279","7.21M","1.62%"
"12/15/2023","72.545","75.686","79.454","72.214","11.17M","-4.15%"
"12/14/2023","75.686","70.596","76.186","69.682","9.45M","7.21%"
"12/13/2023","70.598","68.550","72.457","64.058","10.30M","2.99%"
"12/12/2023","68.550","70.297","72.388","65.962","9.92M","-2.48%"
"12/11/2023","70.297","74.871","74.919","65.783","15.88M","-5.96%"
"12/10/2023","74.750","72.317","74.839","70.734","7.65M","3.36%"
"12/09/2023","72.319","74.896","77.550","71.848","11.33M","-3.44%"
"12/08/2023","74.896","67.798","75.242","67.798","14.15M","10.48%"
"12/07/2023","67.791","61.898","69.322","61.677","13.53M","9.53%"
"12/06/2023","61.896","60.959","66.631","60.959","13.83M","1.54%"
"12/05/2023","60.959","61.575","62.548","59.153","7.72M","-1.00%"
"12/04/2023","61.572","62.988","65.243","60.081","10.40M","-2.25%"
"12/03/2023","62.988","63.795","65.419","62.329","6.52M","-1.28%"
"12/02/2023","63.807","59.756","63.898","59.674","6.29M","6.78%"
"12/01/2023","59.754","59.199","61.846","58.614","6.66M","0.94%"
"11/30/2023","59.199","59.292","61.646","58.858","5.67M","-0.16%"
"11/29/2023","59.294","58.184","61.706","57.766","9.66M","1.89%"
"11/28/2023","58.192","55.055","58.634","53.978","7.11M","5.69%"
"11/27/2023","55.060","57.559","58.040","53.590","6.16M","-4.34%"
"11/26/2023","57.559","58.809","59.007","56.260","4.24M","-2.13%"
"11/25/2023","58.809","56.870","59.715","55.895","5.31M","3.42%"
"11/24/2023","56.863","56.412","58.712","56.242","5.28M","0.80%"
"11/23/2023","56.412","57.538","59.506","56.192","6.23M","-1.86%"
"11/22/2023","57.482","51.691","58.825","51.650","9.83M","11.20%"
"11/21/2023","51.691","56.574","57.316","51.401","12.95M","-8.63%"
"11/20/2023","56.574","61.087","61.199","56.234","8.92M","-7.43%"
"11/19/2023","61.114","58.566","62.011","56.724","9.09M","4.38%"
"11/18/2023","58.552","58.497","59.313","54.856","9.19M","0.09%"
"11/17/2023","58.497","57.823","60.442","54.205","14.71M","1.18%"
"11/16/2023","57.815","65.527","68.076","56.552","18.33M","-11.81%"
"11/15/2023","65.555","56.820","67.030","56.234","16.38M","15.37%"
"11/14/2023","56.820","51.639","57.751","51.603","15.40M","9.98%"
"11/13/2023","51.662","56.350","59.800","51.635","14.45M","-8.32%"
"11/12/2023","56.350","56.375","61.823","54.617","13.54M","-0.01%"
"11/11/2023","56.354","56.677","63.576","53.636","18.65M","-0.57%"
"11/10/2023","56.677","45.305","57.442","45.095","19.27M","25.02%"
"11/09/2023","45.335","43.132","48.777","42.529","16.80M","5.12%"
"11/08/2023","43.127","42.946","43.866","42.295","6.00M","0.42%"
"11/07/2023","42.946","42.171","44.442","40.236","12.27M","1.80%"
"11/06/2023","42.187","41.157","42.190","39.687","7.07M","2.51%"
"11/05/2023","41.154","42.426","42.826","40.297","5.78M","-2.99%"
"11/04/2023","42.424","39.454","42.675","39.032","9.18M","7.53%"
"11/03/2023","39.452","40.246","40.250","38.072","12.86M","-1.97%"
"11/02/2023","40.246","41.113","44.501","38.762","18.19M","-2.11%"
"11/01/2023","41.113","38.401","46.479","37.926","25.10M","7.07%"
"10/31/2023","38.398","34.942","38.561","34.862","12.76M","9.89%"
"10/30/2023","34.942","32.830","35.199","32.385","9.62M","6.51%"
"10/29/2023","32.805","31.632","33.142","31.312","4.67M","3.71%"
"10/28/2023","31.632","31.724","32.500","31.413","3.13M","-0.29%"
"10/27/2023","31.724","32.780","33.305","31.456","7.87M","-3.22%"
"10/26/2023","32.780","32.448","33.242","30.777","9.53M","1.04%"
"10/25/2023","32.444","30.160","33.841","30.038","13.17M","7.57%"
"10/24/2023","30.160","31.922","32.552","29.592","13.77M","-5.52%"
"10/23/2023","31.922","29.051","32.709","28.770","15.07M","9.89%"
"10/22/2023","29.049","29.325","29.992","28.123","6.55M","-1.00%"
"10/21/2023","29.343","27.020","30.165","26.665","11.47M","8.60%"
"10/20/2023","27.020","24.927","27.350","24.732","9.71M","8.33%"
"10/19/2023","24.942","23.420","25.434","23.181","7.60M","6.51%"
"10/18/2023","23.417","23.934","24.360","23.380","3.99M","-2.16%"
"10/17/2023","23.934","23.954","24.520","23.579","5.52M","-0.08%"
"10/16/2023","23.952","21.914","24.583","21.900","8.67M","9.30%"
"10/15/2023","21.914","22.000","22.152","21.670","1.82M","-0.35%"
"10/14/2023","21.990","21.838","22.220","21.808","1.55M","0.69%"
"10/13/2023","21.840","21.299","22.175","21.120","2.97M","2.54%"
"10/12/2023","21.299","22.008","22.032","21.032","3.40M","-3.26%"
"10/11/2023","22.015","22.098","22.416","21.630","3.55M","-0.38%"
"10/10/2023","22.098","22.100","22.459","21.703","2.81M","0.01%"
"10/09/2023","22.097","23.222","23.370","21.782","4.87M","-4.85%"
"10/08/2023","23.224","23.301","23.613","23.101","2.21M","-0.34%"
"10/07/2023","23.303","23.701","23.824","23.091","3.43M","-0.77%"
"10/06/2023","23.483","22.670","23.731","22.670","5.05M","3.59%"
"10/05/2023","22.670","23.140","23.730","22.592","4.05M","-2.03%"
"10/04/2023","23.140","23.608","23.776","22.665","4.83M","-1.98%"
"10/03/2023","23.608","23.360","24.697","23.268","7.03M","1.06%"
"10/02/2023","23.360","23.887","24.671","22.930","8.00M","-2.19%"
"10/01/2023","23.883","21.364","24.433","21.138","7.77M","11.79%"
"09/30/2023","21.364","20.280","21.762","20.100","4.41M","5.34%"
"09/29/2023","20.280","19.960","20.424","19.853","3.29M","1.60%"
"09/28/2023","19.960","19.127","19.976","19.105","3.97M","4.35%"
"09/27/2023","19.127","19.026","19.460","18.762","3.39M","0.53%"
"09/26/2023","19.026","19.398","19.520","18.868","2.50M","-1.92%"
"09/25/2023","19.398","19.362","19.736","19.140","2.24M","0.20%"
"09/24/2023","19.358","19.488","19.654","19.278","1.33M","-0.66%"
"09/23/2023","19.488","19.428","19.563","19.290","1.17M","0.31%"
"09/22/2023","19.428","19.463","19.780","19.172","2.36M","-0.18%"
"09/21/2023","19.463","20.292","20.292","19.313","4.02M","-4.11%"
"09/20/2023","20.297","20.030","20.508","19.818","3.43M","1.33%"
"09/19/2023","20.030","19.650","20.362","19.582","3.76M","1.95%"
"09/18/2023","19.648","18.822","20.122","18.613","4.87M","4.39%"
"09/17/2023","18.822","19.130","19.132","18.682","1.31M","-1.61%"
"09/16/2023","19.130","19.143","19.421","18.885","1.83M","-0.05%"
"09/15/2023","19.140","18.852","19.433","18.567","2.91M","1.54%"
"09/14/2023","18.850","18.398","19.300","18.398","5.38M","2.46%"
"09/13/2023","18.398","17.912","18.520","17.708","5.12M","2.72%"
"09/12/2023","17.910","17.738","18.690","17.570","5.94M","0.98%"
"09/11/2023","17.736","18.238","18.438","17.396","6.02M","-2.71%"
"09/10/2023","18.230","19.432","19.440","17.850","6.86M","-6.19%"
"09/09/2023","19.432","19.608","19.610","19.385","846.26K","-0.91%"
"09/08/2023","19.610","19.904","20.270","19.395","2.43M","-1.48%"
"09/07/2023","19.904","19.640","19.990","19.340","2.92M","1.34%"
"09/06/2023","19.640","20.258","20.370","19.206","4.10M","-3.05%"
"09/05/2023","20.258","19.520","20.571","19.047","5.07M","3.80%"
"09/04/2023","19.517","19.572","19.998","19.181","2.62M","-0.28%"
"09/03/2023","19.572","19.500","19.668","19.256","1.34M","0.37%"
"09/02/2023","19.500","19.322","19.678","19.146","1.73M","0.92%"
"09/01/2023","19.322","19.737","19.920","19.080","3.33M","-2.05%"
"08/31/2023","19.727","20.812","21.008","19.481","4.82M","-5.21%"
"08/30/2023","20.812","21.792","21.958","20.600","3.17M","-4.50%"
"08/29/2023","21.792","20.568","21.982","20.118","6.61M","5.95%"
"08/28/2023","20.568","20.790","20.790","20.086","2.10M","-1.07%"
"08/27/2023","20.790","20.288","20.908","20.240","1.37M","2.47%"
"08/26/2023","20.288","20.420","20.422","20.206","937.78K","-0.65%"
"08/25/2023","20.420","21.058","21.058","20.096","2.95M","-3.03%"
"08/24/2023","21.058","21.738","22.018","20.684","3.36M","-3.13%"
"08/23/2023","21.738","20.584","21.784","20.448","4.59M","5.61%"
"08/22/2023","20.584","21.192","21.262","19.557","4.50M","-2.86%"
"08/21/2023","21.190","21.770","21.772","20.448","3.36M","-2.65%"
"08/20/2023","21.768","21.900","22.014","21.596","1.34M","-0.60%"
"08/19/2023","21.900","21.346","22.150","21.308","2.11M","2.59%"
"08/18/2023","21.348","21.698","22.172","20.976","4.84M","-1.62%"
"08/17/2023","21.700","22.816","23.416","20.265","7.70M","-4.89%"
"08/16/2023","22.816","23.920","24.016","22.438","5.48M","-4.72%"
"08/15/2023","23.946","25.180","25.280","23.744","4.84M","-4.89%"
"08/14/2023","25.176","24.230","25.271","24.117","3.66M","3.90%"
"08/13/2023","24.230","24.902","24.940","24.216","2.34M","-2.70%"
"08/12/2023","24.902","24.616","25.128","24.396","2.25M","1.15%"
"08/11/2023","24.618","24.605","24.898","24.354","2.94M","0.05%"
"08/10/2023","24.605","24.385","24.860","24.135","3.08M","0.90%"
"08/09/2023","24.385","24.210","24.984","24.122","4.70M","0.72%"
"08/08/2023","24.210","23.117","24.740","23.026","5.92M","4.77%"
"08/07/2023","23.109","23.197","23.579","22.418","3.78M","-0.38%"
"08/06/2023","23.197","22.648","23.432","22.578","3.07M","2.42%"
"08/05/2023","22.648","22.796","22.926","22.311","2.16M","-0.65%"
"08/04/2023","22.796","22.640","23.558","22.508","4.07M","0.69%"
"08/03/2023","22.640","23.148","23.372","22.484","3.63M","-2.19%"
"08/02/2023","23.148","24.050","24.234","22.930","4.22M","-3.59%"
"08/01/2023","24.010","23.722","24.040","23.012","4.53M","1.22%"
"07/31/2023","23.720","24.250","24.780","23.608","3.99M","-2.19%"
"07/30/2023","24.250","25.158","25.210","23.763","3.53M","-3.62%"
"07/29/2023","25.160","24.820","25.380","24.755","2.26M","1.37%"
"07/28/2023","24.820","25.100","25.522","24.554","3.60M","-1.12%"
"07/27/2023","25.102","25.174","25.634","24.700","5.27M","-0.35%"
"07/26/2023","25.190","23.270","25.581","23.182","7.50M","8.25%"
"07/25/2023","23.270","23.370","23.578","22.767","3.35M","-0.43%"
"07/24/2023","23.370","24.763","24.830","22.917","5.22M","-5.61%"
"07/23/2023","24.760","24.522","25.248","24.233","3.14M","0.98%"
"07/22/2023","24.520","25.492","25.960","24.260","2.99M","-3.81%"
"07/21/2023","25.492","25.378","25.994","25.098","4.23M","0.48%"
"07/20/2023","25.371","26.310","27.358","25.096","6.37M","-3.60%"
"07/19/2023","26.320","25.554","26.980","25.378","6.48M","3.00%"
"07/18/2023","25.554","26.804","27.062","24.793","8.12M","-4.66%"
"07/17/2023","26.804","27.420","28.455","25.794","10.59M","-2.25%"
"07/16/2023","27.420","27.461","28.553","26.764","8.11M","-0.13%"
"07/15/2023","27.456","26.675","29.072","26.547","12.93M","2.91%"
"07/14/2023","26.679","25.991","30.574","25.309","23.77M","2.63%"
"07/13/2023","25.995","21.938","26.651","21.450","19.22M","18.47%"
"07/12/2023","21.942","22.078","22.720","21.776","7.45M","-0.62%"
"07/11/2023","22.078","21.298","22.305","21.212","5.53M","3.63%"
"07/10/2023","21.305","21.325","21.790","20.532","6.75M","-0.17%"
"07/09/2023","21.342","21.823","22.332","21.042","4.59M","-2.21%"
"07/08/2023","21.823","21.495","22.447","21.329","7.76M","1.54%"
"07/07/2023","21.493","19.616","21.698","19.298","11.56M","9.43%"
"07/06/2023","19.641","18.992","20.964","18.860","11.93M","3.43%"
"07/05/2023","18.990","19.134","19.376","18.476","3.19M","-0.75%"
"07/04/2023","19.134","19.234","19.928","19.080","3.86M","-0.52%"
"07/03/2023","19.234","19.460","19.640","18.890","3.79M","-1.17%"
"07/02/2023","19.462","18.719","19.718","18.559","5.97M","3.97%"
"07/01/2023","18.719","18.858","18.983","17.919","4.08M","-0.74%"
"06/30/2023","18.858","17.988","19.930","17.330","13.57M","4.83%"
"06/29/2023","17.990","15.968","18.238","15.885","9.57M","12.68%"
"06/28/2023","15.965","16.622","16.648","15.712","5.32M","-3.95%"
"06/27/2023","16.622","16.262","16.920","16.140","3.85M","2.21%"
"06/26/2023","16.262","16.962","17.112","15.986","3.98M","-4.14%"
"06/25/2023","16.964","16.642","17.380","16.573","3.45M","1.94%"
"06/24/2023","16.642","17.142","17.525","16.392","3.53M","-2.92%"
"06/23/2023","17.142","16.634","17.512","16.218","6.42M","3.06%"
"06/22/2023","16.634","17.237","17.725","16.582","4.33M","-3.55%"
"06/21/2023","17.245","16.633","17.402","16.570","5.53M","3.68%"
"06/20/2023","16.633","16.102","16.653","15.758","4.10M","3.29%"
"06/19/2023","16.102","15.448","16.130","15.368","2.41M","4.23%"
"06/18/2023","15.448","15.640","15.828","15.340","1.94M","-1.23%"
"06/17/2023","15.640","15.320","16.093","15.170","3.12M","2.09%"
"06/16/2023","15.320","14.787","15.450","14.454","3.94M","3.60%"
"06/15/2023","14.787","14.490","15.049","14.189","5.38M","2.07%"
"06/14/2023","14.488","15.037","15.336","14.140","4.82M","-3.66%"
"06/13/2023","15.038","15.191","15.931","14.780","5.77M","-1.00%"
"06/12/2023","15.190","15.550","15.649","14.759","6.09M","-2.32%"
"06/11/2023","15.551","15.622","16.142","15.142","7.04M","-0.46%"
"06/10/2023","15.623","17.398","17.398","13.330","20.69M","-10.20%"
"06/09/2023","17.398","18.890","19.325","17.125","6.20M","-7.91%"
"06/08/2023","18.892","18.633","19.093","18.258","3.15M","1.42%"
"06/07/2023","18.627","20.390","20.512","18.527","5.40M","-8.65%"
"06/06/2023","20.390","19.993","20.685","19.265","5.77M","1.95%"
"06/05/2023","20.000","21.830","22.052","19.353","8.37M","-8.38%"
"06/04/2023","21.830","21.195","22.290","21.035","3.61M","3.02%"
"06/03/2023","21.190","21.262","21.345","20.994","1.48M","-0.32%"
"06/02/2023","21.258","20.497","21.372","20.325","2.66M","3.71%"
"06/01/2023","20.497","20.820","20.983","20.437","2.29M","-1.56%"
"05/31/2023","20.823","21.253","21.326","20.435","2.84M","-2.02%"
"05/30/2023","21.253","20.572","21.396","20.472","4.46M","3.31%"
"05/29/2023","20.572","20.800","20.974","20.280","2.84M","-1.10%"
"05/28/2023","20.802","20.422","21.165","20.302","3.53M","1.85%"
"05/27/2023","20.424","19.353","20.512","19.330","2.00M","5.55%"
"05/26/2023","19.350","19.250","19.553","19.093","1.44M","0.52%"
"05/25/2023","19.250","19.213","19.540","18.798","2.37M","0.19%"
"05/24/2023","19.213","20.030","20.070","18.852","3.80M","-4.07%"
"05/23/2023","20.028","19.530","20.166","19.426","3.28M","2.55%"
"05/22/2023","19.530","19.612","19.997","19.370","3.02M","-0.42%"
"05/21/2023","19.612","20.290","20.390","19.413","2.57M","-3.34%"
"05/20/2023","20.290","20.350","20.360","20.113","1.28M","-0.29%"
"05/19/2023","20.350","20.347","20.563","20.267","1.66M","0.01%"
"05/18/2023","20.347","21.047","21.090","20.127","3.67M","-3.33%"
"05/17/2023","21.047","20.673","21.182","20.440","3.49M","1.81%"
"05/16/2023","20.673","20.987","21.133","20.450","3.77M","-1.51%"
"05/15/2023","20.990","20.944","21.504","20.622","3.93M","0.22%"
"05/14/2023","20.944","20.832","21.234","20.632","1.97M","0.54%"
"05/13/2023","20.832","20.906","21.277","20.792","2.31M","-0.35%"
"05/12/2023","20.906","20.184","20.936","19.830","4.36M","3.57%"
"05/11/2023","20.184","20.934","20.934","19.797","4.78M","-3.57%"
"05/10/2023","20.932","20.658","21.297","19.999","6.52M","1.26%"
"05/09/2023","20.673","20.632","20.997","20.427","3.22M","0.19%"
"05/08/2023","20.632","21.657","21.807","20.003","7.05M","-4.72%"
"05/07/2023","21.655","21.928","22.734","21.655","3.80M","-1.25%"
"05/06/2023","21.928","22.825","23.224","21.613","3.87M","-3.93%"
"05/05/2023","22.825","21.740","23.043","21.656","4.96M","4.99%"
"05/04/2023","21.740","22.220","22.472","21.616","3.21M","-2.16%"
"05/03/2023","22.220","22.250","22.282","21.254","5.12M","-0.14%"
"05/02/2023","22.252","21.952","22.374","21.760","3.28M","1.26%"
"05/01/2023","21.975","22.739","22.880","21.600","5.00M","-3.36%"
"04/30/2023","22.739","23.186","23.902","22.739","4.05M","-1.93%"
"04/29/2023","23.186","23.348","23.778","22.934","4.04M","-0.69%"
"04/28/2023","23.348","22.332","23.471","22.184","6.06M","4.55%"
"04/27/2023","22.332","21.284","22.494","21.180","5.97M","4.92%"
"04/26/2023","21.284","21.920","22.937","20.476","8.43M","-2.90%"
"04/25/2023","21.920","21.380","21.962","20.736","4.28M","2.53%"
"04/24/2023","21.380","21.470","21.982","21.036","3.84M","-0.42%"
"04/23/2023","21.470","21.795","22.237","21.012","3.47M","-1.49%"
"04/22/2023","21.795","21.267","21.972","21.067","2.44M","2.48%"
"04/21/2023","21.267","22.197","22.390","21.070","6.04M","-4.13%"
"04/20/2023","22.183","22.683","23.134","21.605","7.76M","-2.20%"
"04/19/2023","22.683","24.823","24.969","22.072","9.38M","-8.62%"
"04/18/2023","24.823","24.572","25.436","24.023","5.02M","1.03%"
"04/17/2023","24.569","25.365","25.960","24.358","8.00M","-3.12%"
"04/16/2023","25.360","24.050","25.457","23.845","4.59M","5.46%"
"04/15/2023","24.047","24.723","24.778","23.825","3.80M","-2.73%"
"04/14/2023","24.723","24.437","25.463","23.765","9.00M","1.17%"
"04/13/2023","24.437","23.790","25.243","23.655","7.93M","2.73%"
"04/12/2023","23.788","22.982","24.400","22.336","13.85M","3.50%"
"04/11/2023","22.982","20.897","23.675","20.827","11.98M","9.94%"
"04/10/2023","20.904","20.282","20.950","20.082","2.49M","3.05%"
"04/09/2023","20.285","20.043","20.425","19.900","1.37M","1.20%"
"04/08/2023","20.043","20.446","20.726","19.900","2.40M","-1.97%"
"04/07/2023","20.446","20.623","20.773","20.253","1.76M","-0.84%"
"04/06/2023","20.620","20.963","20.988","20.466","2.33M","-1.67%"
"04/05/2023","20.970","20.922","21.333","20.632","3.58M","0.23%"
"04/04/2023","20.922","20.446","21.238","20.324","3.31M","2.33%"
"04/03/2023","20.446","20.520","20.990","19.992","5.70M","-0.38%"
"04/02/2023","20.524","21.080","21.294","20.250","2.28M","-2.60%"
"04/01/2023","21.072","21.165","21.310","20.796","2.24M","-0.44%"
"03/31/2023","21.165","20.547","21.462","20.072","4.18M","2.97%"
"03/30/2023","20.555","21.110","21.648","20.160","5.96M","-2.63%"
"03/29/2023","21.110","20.460","21.536","20.430","4.44M","3.21%"
"03/28/2023","20.453","19.900","20.820","19.620","4.68M","2.78%"
"03/27/2023","19.900","20.954","20.982","19.448","4.72M","-5.04%"
"03/26/2023","20.957","20.425","21.117","20.295","2.38M","2.60%"
"03/25/2023","20.425","20.659","20.969","20.129","3.11M","-1.13%"
"03/24/2023","20.659","22.184","22.270","20.308","8.00M","-6.87%"
"03/23/2023","22.184","21.434","22.741","21.172","7.73M","3.54%"
"03/22/2023","21.425","22.574","23.062","21.019","12.39M","-5.09%"
"03/21/2023","22.574","22.150","23.316","21.578","9.94M","1.93%"
"03/20/2023","22.147","21.855","23.893","21.448","15.17M","1.34%"
"03/19/2023","21.855","21.218","22.428","21.214","6.10M","3.02%"
"03/18/2023","21.215","21.628","22.850","21.091","10.59M","-1.89%"
"03/17/2023","21.624","19.697","21.669","19.437","9.17M","9.79%"
"03/16/2023","19.697","19.261","19.888","18.927","6.62M","2.26%"
"03/15/2023","19.261","20.914","21.463","18.773","11.64M","-7.90%"
"03/14/2023","20.914","20.428","22.081","19.802","14.88M","2.40%"
"03/13/2023","20.425","20.184","21.367","18.907","16.74M","1.19%"
"03/12/2023","20.184","18.113","20.452","17.757","9.04M","11.43%"
"03/11/2023","18.113","18.202","18.896","17.011","9.26M","-0.52%"
"03/10/2023","18.208","17.326","18.352","16.060","15.88M","5.00%"
"03/09/2023","17.341","18.410","18.745","16.819","12.51M","-5.81%"
"03/08/2023","18.410","20.236","20.380","18.214","9.32M","-9.02%"
"03/07/2023","20.236","20.610","20.950","19.732","5.23M","-1.81%"
"03/06/2023","20.610","20.970","21.140","20.490","3.70M","-1.74%"
"03/05/2023","20.974","20.988","21.663","20.850","3.06M","-0.07%"
"03/04/2023","20.988","21.423","21.598","20.330","2.20M","-2.03%"
"03/03/2023","21.423","21.997","22.017","20.470","5.33M","-2.61%"
"03/02/2023","21.997","22.520","22.633","21.680","3.17M","-2.32%"
"03/01/2023","22.520","21.880","22.854","21.670","3.37M","2.93%"
"02/28/2023","21.880","22.677","22.740","21.784","3.45M","-3.52%"
"02/27/2023","22.677","23.274","23.400","22.337","5.08M","-2.56%"
"02/26/2023","23.274","22.377","23.514","22.223","3.56M","4.00%"
"02/25/2023","22.378","23.080","23.310","21.508","5.47M","-3.04%"
"02/24/2023","23.080","23.912","24.118","22.526","6.20M","-3.50%"
"02/23/2023","23.918","24.162","24.680","23.626","5.59M","-1.01%"
"02/22/2023","24.162","24.980","25.210","23.252","9.48M","-3.27%"
"02/21/2023","24.980","26.260","26.598","24.617","8.79M","-4.82%"
"02/20/2023","26.245","24.860","27.043","24.214","13.67M","5.53%"
"02/19/2023","24.869","23.453","25.584","23.228","10.60M","6.04%"
"02/18/2023","23.453","23.148","23.905","22.932","3.53M","1.32%"
"02/17/2023","23.148","22.282","23.535","22.077","6.07M","3.83%"
"02/16/2023","22.293","23.880","24.133","22.227","9.34M","-6.65%"
"02/15/2023","23.880","21.840","23.930","21.462","7.47M","9.33%"
"02/14/2023","21.842","20.774","22.306","20.684","9.76M","5.13%"
"02/13/2023","20.777","21.500","21.569","19.780","8.57M","-3.37%"
"02/12/2023","21.502","20.813","22.364","20.630","5.91M","3.31%"
"02/11/2023","20.813","20.122","20.901","20.102","2.61M","3.43%"
"02/10/2023","20.122","20.480","21.190","19.699","7.25M","-1.75%"
"02/09/2023","20.480","23.215","23.342","20.065","8.53M","-11.78%"
"02/08/2023","23.215","23.832","24.180","22.832","5.16M","-2.56%"
"02/07/2023","23.825","22.652","23.937","22.568","6.46M","5.18%"
"02/06/2023","22.652","23.464","23.722","22.536","4.68M","-3.46%"
"02/05/2023","23.464","24.350","24.452","23.048","6.07M","-3.64%"
"02/04/2023","24.350","24.670","24.933","24.253","2.64M","-1.30%"
"02/03/2023","24.670","24.254","25.069","24.057","6.79M","1.72%"
"02/02/2023","24.254","25.007","26.130","24.157","10.40M","-2.93%"
"02/01/2023","24.986","23.923","25.190","22.540","10.57M","4.44%"
"01/31/2023","23.923","23.966","24.400","23.507","5.77M","-0.18%"
"01/30/2023","23.966","26.103","26.305","23.395","10.79M","-8.17%"
"01/29/2023","26.097","24.010","26.748","23.757","10.70M","8.67%"
"01/28/2023","24.016","24.424","25.117","23.783","4.72M","-1.66%"
"01/27/2023","24.420","24.349","24.917","23.441","7.30M","0.29%"
"01/26/2023","24.349","24.510","25.197","23.897","7.66M","-0.66%"
"01/25/2023","24.510","22.767","25.368","22.320","12.13M","7.66%"
"01/24/2023","22.767","24.316","25.170","22.452","8.78M","-6.37%"
"01/23/2023","24.316","24.222","24.884","23.901","9.47M","0.39%"
"01/22/2023","24.222","24.550","25.413","23.666","10.59M","-1.32%"
"01/21/2023","24.547","25.550","26.424","24.547","19.01M","-3.93%"
"01/20/2023","25.550","21.420","25.703","20.951","14.86M","19.28%"
"01/19/2023","21.420","20.849","21.836","20.440","9.27M","2.74%"
"01/18/2023","20.849","22.870","23.577","20.534","16.64M","-8.84%"
"01/17/2023","22.870","23.578","23.936","22.779","9.21M","-3.00%"
"01/16/2023","23.578","22.890","24.859","22.370","16.39M","2.97%"
"01/15/2023","22.897","24.233","24.813","22.056","17.06M","-5.57%"
"01/14/2023","24.247","18.287","24.641","18.206","39.69M","32.59%"
"01/13/2023","18.287","16.600","18.577","16.330","16.31M","10.16%"
"01/12/2023","16.600","16.365","16.930","15.714","14.51M","1.48%"
"01/11/2023","16.357","16.194","16.572","15.334","10.45M","1.01%"
"01/10/2023","16.194","16.258","16.690","15.604","13.99M","-0.44%"
"01/09/2023","16.266","14.446","17.453","14.304","31.73M","12.32%"
"01/08/2023","14.482","13.094","14.599","12.860","9.87M","10.60%"
"01/07/2023","13.094","13.500","13.508","13.026","3.28M","-3.15%"
"01/06/2023","13.520","13.420","13.576","12.740","9.15M","0.75%"
"01/05/2023","13.420","13.442","13.850","12.954","9.58M","-0.14%"
"01/04/2023","13.438","13.377","14.166","12.861","20.70M","0.51%"
"01/03/2023","13.370","11.274","13.646","11.018","22.97M","18.59%"
"01/02/2023","11.274","10.000","11.637","9.815","13.25M","12.74%"